text_length,numeric_values,possible_dates,filename,true_label,predicted_label,correct_prediction
1096,"['918020087855304', '0.00', '71501', '51', '20042019', '763291', '22062010', '1182.91', '9', '20', '292019', '799073', '7042019', '291042010', '11596801']","['01/04/2019', '30/04/2019', 'A/C:', '8-60', '—-NOUNATION', 'INEFTMa/AXMBTaTI907@OReTIGumest', 'SINGH/OTSOIOO']",1.jpg,Bank Statement,ITR_Form 16,False
835,"['231', '90403', '1', '1', '2450', '108', '51000000', '78524', '9400000', '340000', '17040000', '300000', '667', '40000', '677', '40000', '130000', '67520000', '60000', '675', '30000', '350000']","['111-234-567-890', 'MM/DD/YYYY', '-', '-Eectty']",10.jpg,Bank Statement,ITR_Form 16,False
2992,"['2022', '2', '5', '054368487', '0357306', '08052', '12013', '0205563', '2.66', '0682', '99182289', '1573', '18008376464', '23421', '8.54', '73.83', '30.21', '50.01', '7.87', '126.13', '53.37', '4.28', '55.00', '250.20', '40.00', '23.42', '156.00', '54.98', '45.55', '39.99', '14.97', '75.00', '88.25', '19.80', '65.85', '90.10', '17.12', '210.32', '24.99', '70.00', '68.46', '403.35', '69.55', '29.16', '29.99', '17.99']","['01/12', '01/12', '01/12', '02/12', '02/12', '03/12', '04/12', '04/12', '05/12', '05/12', '06/12', '06/12', '07/12', '08/12', '08/12', '09/12', '10/12', '11/12', '11/12', '13/12', '14/12', '15/12', '15/12', '16/12', '16/12', '17/12', '08/12', '19/12', '19/12', '20/12', '20/12', '21/12', '21/12', '21/12', '22/12', '22/12', 'WAL-MART', '800-567-0759', '855-226-8388', 'P1688-01FLOWOOD', 'P1688-01', 'MCW867-I-55']",11.jpg,Bank Statement,ITR_Form 16,False
201,"['200000', '70000', '770', '2000.00']","['ewor4os05/oPRHTEse', 's1y9P60036696/']",12.jpg,Bank Statement,ITR_Form 16,False
477,"['2018', '2018', '2018', '4', '27', '14.00', '14.00']","['SHSChargesQtrJANI8-HARI8+GS', '‘Int:01-05-2018/31-07-2018', 'Int31-10-2018/01-08-2018']",13.jpg,Bank Statement,ITR_Form 16,False
1544,"['55164', '03420', '73', '1026', '1', '535', '0195', '5634', '1999', '1999', '1', '7', '30', '1', '9', '990401', '1918301493', '54', '4.', '7', '2', '990401', '2', '6741149540', '30698864', '990402', '1918301493', '2', '990402', '2', '6741149540', '30698864', '30400102990810998', '3', '885.57', '720.38', '60', '83.60', '223.26']","['98012-1236', '244-7770', '1-800-673-3555.', 'PAR#19990913248398-N']",14.jpg,Bank Statement,ITR_Form 16,False
1201,"['1', '2', '3', '4', '5', '000000', '1', '2', '3', '01111113', '4304567890987', '2019', '0.00', '100.00', '100.00', '100.00', '100.00', '100.00', '100.00', '500.00', '600.00', '0.00', '0.00', '419.08', '319.08', '219.08', '19.08', '422.74', '413.63', '1', '2']","['0000-30001-', 'E-mail:', '29-Dec-2018', '12-Jan-2019', '01-gan-2019', '01-Jan-2019', '01-Jan-2019', '01-gan-2019', '02-gan-2019', '02-gan-2019', '02-Jan-2019', '03-Jan-2019', '07-gan-2019', '07-Jan-2019', '10-Jan-2019', 'PRCR/easy,', 'D/4301201810853001', 'PRCR/easy', 'D/4301201810853001', 'PRCR/easy.', 'D/4301201810853001', 'PRCR/easy', 'D/4301201810853001', 'EFT/IC/BANK', 'ASIA/FRD', 'ACCOUN/ER', 'PRCR/easy', 'D/4301201810853001', 'PRCR/easy.', 'D/4301201810853001', 'CWDR/MOKKA-MODINA', 'G/4301201810853001', 'EFT/IC/BANK', 'ASIA/FRD', 'ACCOUN/ER', 'CWDR/MOKKA-MODINA', 'G/4301201810853001', 'CWDR/MOKKA-MODINA', 'G/4301201810853001']",15.jpg,Bank Statement,ITR_Form 16,False
1057,"['1', '2021', '30', '1', '065', '017025604', '122017', '31', '2020', '60205', '25', '30', '2022', '12893527', '81609362', '19502', '23215', '236', '24313', '28', '357', '13526', '100', '110208.26', '5900000', '110205.26']","['1800-209-4324', '990-88']",16.jpg,Bank Statement,ITR_Form 16,False
847,"['31', '31.', '2018', '1', '5.010', '00000', '2', '5.7006', '3', '4', '3051647557', '1408319.38', '252618392', '851', '10108', '7', '3758.36.08', '12437546153', '10', '106', '120881', '3095', '170154835', '70', '2', '9533']",['110490/E00008'],17.jpg,Bank Statement,ITR_Form 16,False
733,"['2015107', '1', '00', '51131', '1', '2', '2014', '3', '1', '1408830']",['1-98-2451'],18.jpg,Bank Statement,ITR_Form 16,False
764,"['913010056515105', '1698', '81896', '000', '21052017', '0360000', '50873700.', '300000000', '1025082017']","['01-05-2017', '31-05-2017', '11-00']",19.jpg,Bank Statement,ITR_Form 16,False
2409,"['4690173723', '470010', '1', '9003', '7600', '1262299940', '12000', '108', '6', '10698', '348', '2000', '20000', '1080', '731', '40900', '88', '22', '38', '1600.00', '3', '12000', '000', '1881', '81', '1000', '4703869', '204']","['30/09/2018', '08/12/2018', '07/01/2019', '07/04/2019', '/', '/', 'VB.0-', '1/04/2018']",20.jpg,Bank Statement,ITR_Form 16,False
488,"['96', '2518', '698', '067', '260']",['PRIME-2T7TaLUI'],21.jpg,Bank Statement,ITR_Form 16,False
1354,"['100', '09371', '2010', '2010', '2010', '7', '100', '20000', '12507', '25000']","['Ye00-', '72-0128', '1-800-123.0007']",22.jpg,Bank Statement,ITR_Form 16,False
1095,"['2000.', '201053', '90168238', '0015879054', '1', '12.08', '19', '18.36', '9', '49294338671', '72002', '19', '8320300761', '220']","['On-Line', 'On-line', '20-10-53', 'On-line', '20-105:', 'On-line', '20-10-53']",23.jpg,Bank Statement,ITR_Form 16,False
853,"['5', '2015', '2015', '345', '201301401', '001002', '234.50', '9.75', '75.00', '38.78', '60.00', '1.50', '12.99', '90.00', '124.86', '875.00', '2016', '264']",['—-'],24.jpg,Bank Statement,ITR_Form 16,False
575,"['697119', '6110', '60', '280717', '19.', '2017', '1231093', '13', '2017', '1231093', '2017', '39', '007457', '141', '8', '223714']","['Account/Card', '1/13', '736-157', '(15-May-2017', '27-Jul-2017)']",25.jpg,Bank Statement,ITR_Form 16,False
2729,"['516361', '12.00', '327', '100.00', '327', '5000.00', '327', '2500.00', '327', '327', '4000.00', '327', '1500.00', '327', '2700.00', '193', '327', '15.07.2011', '248', '18.07.2011', '327', '327', '18.07.2011', '762.00', '327', '19.07.2011', '400000', '327', '500.00', '327', '20.07.2011', '327', '7']","['7/325', '01-07-2011', '31-07-2011)', 'P&01-04-2011', '30-06-', 'jos-o7-2011', 'ICASH-ATWANDHRA', 'BANK-', 'los.07-2011', '230/HYDERABAD-VOSO711', 'lo7.07-2011,', '/ICONN/11592805/911010032065084/07071', 'lo7-07-2011,', 'los.07-2011', '-AXISH11189004593-BASI', 'los.07-2011', '.AXISI11189004653-BASI', 'ICASH-ATMSBI.', '11-07-2011', 'IKADUGODVBANGALORE/100711', 'ICASH-ATM/MAITRIVANAM', '12-07-2011', 'HYDERABAD/120711', 'ICASH-ATWORIENTAL', 'ICYDERABAD/120711', 'ICASH-ATMACICL', 'BANK/HYDERABAD/120711', '13-07-2011', '14-07-2011', '-AXISI!1195014478-SATYA', '-RXISI11195014478.SATYA', 'ICASH-ATMSBI', 'GOWLIGUDA.HYD/HYDERABAD/70711', 'ICASH-ATM-AXIS/KURNOOL', '18-07-2011', 'IBRANCH/KURNOOL/18071L', 'IPUR/TRINETHRA', 'IM/HYDERABAD/180711/19:35', '-AXISI11200007012-Y', 'ICASH.ATM/SBH', '19-07-2011', '[YEMMIGANU/YEMMIGANUR/I90711', 'ICASH-ATM/SBI_ANATHAPUR.', 'RAVANATHAPUR/200711', '-49.00|', '‘he/she', 'shown/displayed', '/or', 'witislose/ealate', 'co-operate', 'suspicious/spam']",26.jpg,Bank Statement,ITR_Form 16,False
2361,"['2021', '241', '1297680074', '8752.00', '248', '11081', '1000.00', '241', '241', '241', '7.00', '241', '10.10.2021', '5.00', '241', '241', '10.10.2021', '2340.00', '241', '241', '10.00', '241', '13.10.2021', '149.00', '241', '500.00', '241', '15.10.2021', '5.00', '241', '15.10.2021', '8.00', '241', '241', '19.10.2021', '241', '241', '241', '248', '241', '49.00', '241']","['JHARKHAND-INDIA', '-', 'A/C', '01-10-2021', '13-01-2022)', 'PA{01-07-2021', '30.09-', 'Jov-10-2021,', 'Jos-10-2021', 'IMANPO/KARUR', 'IUPLP2A/128081', '1/Bank', 'Acco/State', 'Jo7-10-2021,', 'IUPLP2A/128190304402/Bank', 'Acco/State', 'Jos-10-2021,', '[Ban/Payment', 'lUPLP2A/128137296085/Bank', 'Acco/State', 'Jos-10-2021', 'Baw/Payment', 'PUR/Deeami', '/MUMBAUOS1021/19:', 'PUR/Deeam', '11/Bangalore/081021/19:24', 'lUPLP2A/128354630747/SONU', '[Ban/Payment', 'lUPLP2A/1283167418137RATU', '10-10-2021', 'JUPLP2A7128383449334/Bank', 'Acca/Union', '[Ban/Payment', 'ATM-CASH.', '11-10-2021', '[AXIS/DPCN21', '1303/9886/111021/ALWAR', '[UPLP2M/128533578453/Dreamt', '1/YesBank_Y/P', '12-10-2021', '|UPLP2M/129638824593/RELIANCE', '/Citibank/SiO20BRO', 'luPyP2as128744826693/Bank', 'Acco/State', '14-10-2021', 'JUPLP2A/128879454450/Sulena', 'Ban/Payment', '|UPLP2M/128846684387/SPORTA', 'TE/Kotak', 'IMah/Payment', '[UPLP2M/129170926528/SPORTA', 'TE/Kotak', '18-10-2021', 'IMah/Payment', '[UPLP2M/129251770460/Deeami', 'W/YesBank_YIP', '24-10-2021', '24-10-2021', '18830845/A', 'Joz-11-2021', 'IMANPO/KARUR', 'ATM-CASH.', '[AXIS/DPCN21', '1303/3661/031121/ALWAR', 'Iypyp2a/130832230564/RAJU', 'Jos-11-2021', 'an/Paymene', '[UPL/P2A/1308763306747RAJU', 'Jos-11-2021,', '[Ban/Payment', '[UPLP2A/130853307101/RAJU', 'Jos-11-2001,', '[Ban/Payment', 'lUPLP2A/130816546042/Bank', 'Acco/State', 'jos-11-2021,', 'Ban/Ujiwei', '|UPLP2M/130852967280/Deeami', 'W/YesBank_YiP', 'fos-11-2021,']",27.jpg,Bank Statement,ITR_Form 16,False
1228,"['842002', '842002', '226.14', '380.00', '3500.00', '934616013196', '750.00', '290.00', '3000.00', '400', '508.19', '240.25', '2000.00', '931919032498', '211.57']","['MASJID.PO-RAMNA', '26/9/2019', '25/12/2019', '23/12/2019', '|UPY985112025907/P2v/sandeepchodnary@ybl/SANDEEP', '12/12/2019', '12/12/2019', '|IMPS-OUT/934616239787/SBINO010352/38160497052', '|¥PVS34664173747/P2V/singhsonal1@ybV/Mr', 'YPv324857102005/""2V/8960631005@ybU', '09/12/2019', '_|2518001500010946:Int.Pd:01-09-2019', '30-11-2019', '04/12/2019', 'UP/933884521318/P2M/IRCTCINAPP@ybI/IRCTC', 'YPvassessse04e0/""2V/7836767986@yb/Mr', '21/11/2019', '01-06-2018', '15/11/2019', '13/11/2019']",28.jpg,Bank Statement,ITR_Form 16,False
2163,"['2019', '2019', '182050', '000000794285656', '77001', '00118078', '201', '219', '26919', '1', '000000000', '17', '0000', '6817', '95758', '2166', '1', '1']","['1-800-935-9935', '1-800-242-7383', '1-877-312-4273', '1-713-262-1679', '10/05', '-550.00', '10/06', '-100.00', '“40/06', '51S37776YU9098031_—-1,088.20.————3', '“40/08', '10/08', '-1,000.00', '“40/09', '10/10', '-2,020.80', '10/17', '10/27', '-2,000.00', '10/30', '-2,517.09']",29.jpg,Bank Statement,ITR_Form 16,False
2161,"['23', '440036', '917387082495', '028', '34980', '19', '2018', '5', '763.00', '6734787', '19', '32672825', '500000', '27', '0610572017', '091052017', '1170512017', '99190956', '3', '1710512017', '500000', '37.95087', '138', '0310612017', '310612017', '171062077', '500000', '70.60287']","['01/04/2017', 'a-349802030002044', '02/04/2017', '01-2017', '31-03-201', 'MaR-17', 'ToS-0', '-', '|nsPSAn‘709809007409/56)', '1704/2017', '-', '1666/35853540356,', 'APR-17', 'TOS-9|', '1666/a5859540356,', '1505/2017', '|mpsani713510308484/56}', '5105/2017', '16105/2017|', '2106/2017', 'MAY-17', '|nmPsani715409962405/S6]', '1666/95859540356,', '136854981032687961/34', '-', '[ntpsasi71¢809103875/U8]']",3.jpg,Bank Statement,ITR_Form 16,False
1229,"['6011', '03762', '00582', '2018', '2018', '408', '01234', '44', '2018', '0.00', '2018', '03', '6.00', '04', '2.00', '09', '46.35', '24', '86.74', '25', '762', '26', '214.86', '761', '01', '2.00', '6.00']","['567-890-1', '1-800-Royal®2-0', '(1-800-769-2520)', 'www.rbcroyalbank.com/business', '-', 'PAY-FILE', '-', '-', 'PAY-FILE']",30.jpg,Bank Statement,ITR_Form 16,False
1090,"['1234', '345', '000000012345', '4598', '234', '75.99', '253.68', '243.46', '750.00', '456.84', '268.84']","['12345-0123', '1-800-555-1234', '03/01/2021', '04/01/2021', '12345-0123', '123-555-5678', '03/02', '03/05', '03/06', '03/10', '03/12', '03/16', '03/21', '03/21', '03/26', '03/28', '03/29']",31.jpg,Bank Statement,ITR_Form 16,False
2669,"['1', '003601000453', '1', '1616.8', '0.', '8', '23223.', '0.', '3', '100.', '0.', '3516.', '0.', '9707.09', '5', '0.', '7000.', '6', '14707.09', '7', '151052017', '8', '4000.', '2207.09', '9', '151052017', '70', '30507.09', '151052017', '3477.09', '2', '231052017', '39707.09', '13', '2910572017', '12.', '39695.09', '14', '6472.09', '100.', '0.', '20', '0.', '16352.09', '131062017', '17.29', '18', '791062017', '3847.', '0.', '36487.64', '1171856700', '28082017', '291062017', '0.', '206.', '3678364', '24', '22', '22072017', '707221160320', '0.', '26072017', '3000.', '0.', '0.', '3000.', '25223.', '0.', '7', '0.', '500', '0.', '70700.41', '45', '55', '22082017', '221082017', '0.', '30000', '4010047']","['-', '17/04/2017', '-', '-', '18/10/2017', 'BIL/001195684920/NchgRs2.50STRSO.', '‘0105/2017', '[BTNE00002093174-LN', '‘07/05/2017', '‘08/05/2017', 'PKT/100030918881/DG~00350100045', '‘09/05/2017', '‘0905/2017', 'BiL/001207365750/PGMIB-', 'HTTPSi//SECURE.', '‘0905/2017', '‘09/05/2017', 'IEFT-SBIN617', '120258673-Mr', '75/05/2017', '15/05/2017', 'S/017476/CMS.', '15/05/2017', 'S/0174791CMS', '15/05/2017', '75/05/2017', 'S/017478/CMS', '15/05/2017', 'S/017475/CMS', '15/05/2017', '15/05/2017', 'S/017477/CMS.', '15/05/2017', 'S/017474)CMS', '23/05/2017', '2e/05I2017', '‘01/06/2017', '‘01/06/2017', '[BTNE00002093174-LN', '‘06/06/2017', 'PKT/100033157177/DG~00350100045', '‘06/06/2017', 'PS/mVISAITATASKY', '/20170606201028/0', '13/06/2017', 'MSChgsApri7-Jun17+Stax2.25', '75/06/2017', '15/06/2017', '79/06/2017', 'BIL/001283731407/ICICI', 'Payment/43755', ')03501000453:IntPd:31-03-2017', '8-06-2017', 'BTNE00002003174-LN', '‘OB/O7I2017', '0607/2017', 'Vi182054/T', 'Sho/201', 'BIL/001258766268/IMOPSPPSEVA_JI', 'DEPOSIT/PANCHPAKHADI,', '‘01/08/2017', '‘0108/2017', '[BTNE00002093174-LN', '‘08/08/2017', '‘08/08/2017', 'DEPOSIT/PANCHPAKHADI,', '‘0908/2017', '‘0908/2017', 'BIL/001269477', '179/NchgRs2.50GSTRS|', 'IEFT-SBINS17234728814-Mr']",32.jpg,Bank Statement,ITR_Form 16,False
445,"['3000010000315', '1', '450.00', '974.00', '3', '4']","['VERMA-30000100003115.', '1610/15', '17/10/15', '(1-404)', 'com17-10-2018', '1323:44/SWT', '—PGOR/ONEST', 'L/16-10-2015', 'com16-10-2018']",33.jpg,Bank Statement,ITR_Form 16,False
1808,"['408', '30', '775671220714', '301000873', '8557475493', '301000874', '301000875', '301776100', '0727', '50', '302892881', '303042904', '303978185', '8557475493', '303978184', '304255288', '304255287', '304255289', '304453307', '449.00', '100.00', '031222', '08461', '03581', '149.80', '04401', '151.52', '449.00', '09731', '408.66', '02564', '149.94', '1234', '0.00', '204.17', '4.65', '449.00', '100.00', '149.80', '160.00', '449.00', '408.66']","['08/11/2019', '(MM/DD/YYYY):', 'o7/t7', 'o7/t7', '888-434-0055', '07/20', '07/22', '07/29', '07/30', '07/30', 'AMZN.COM/BILL', '08/03', '08/05', '888-527-3282', '08/04', '08/05', '08/06', '08/07', '08/06', '08/07', '08/07', '08/07', 'AMZN.COM/BILL', '08/07', '08/08', 'Pre-Tax', 'XXXX-XAXX-XXXK=']",34.jpg,Bank Statement,ITR_Form 16,False
1252,"['2', '2']","['09/21/2021', '09/10/2021', '09/08', '09/10/2021', '09/11/2021', '09/14/2021', '09/14/2021', '09/14/2021', '09/13', '09/17/2021', '09/15', '09/17/2021', '09/16', '09/17/2021', '09/15', '09/18/2021', '09/18/2021', '09/20/2021', '09/21/2021', '09/04/2021', '09/10/2021', '09/18/2021', '09/05/2021', '09/11/2021', '09/20/2021', '09/06/2021', '09/14/2021', '09/07/2021', '09/17/2021', 'year-to-date']",35.jpg,Bank Statement,ITR_Form 16,False
1158,"['0987', '123', '670.00', '3456', '740.00', '347.85', '75.45', '330.96', '88.88', '0231', '18.75', '3.75']","['12345-6789', '1-000-222-3456', '12345-6789', '06/01/2022', '06/30/2022', '111-222-3333', '06/01', '26/03', '06/08', '06/13', '06/15', '06/18', '06/24', '06/25', '06/28', '06/29', '26/30', '06/30', '06/30']",37.jpg,Bank Statement,ITR_Form 16,False
1026,"['231', '2450', '108', '78521', '0302432', '0302433', '0302434', '0302435', '0302436', '0302437', '0302438', '0302439', '0302440', '1234567890', '1', '1', '100.00', '500.00', '1.05', '1.67']","['mmidd/yyyy', 'mmidd/yyyy', 'mmidd/yyyy', 'mmidd/yyyy', 'mmidd/yyyy', '-', 'mmidd/yyyy', 'mmidd/yyyy', 'mmidd/yyyy', 'mmidd/yyyy', '2547-96574-2541-4004', 'mmi/dd/yyyy']",39.jpg,Bank Statement,ITR_Form 16,False
550,"['9', '1.800.288.4408', '1.800.688.6086', '101', '23', '10006', '25118', '2020', '2020', '0009', '0009', '0009', '3', '0009', '0009', '0009', '5']","['TDD/TTY', '33622-5118', 'Account/plan']",41.jpg,Bank Statement,ITR_Form 16,False
1538,"['526473', '52362', '52631', '00053642', '025', '32500228', '1', '000000000', '75', '0000', '275', '2016', '2016', '000002415483497', '0000024', '15483497', '000002547390862', '893.30', '2016', '36', '21', '112', '67', '3', '1', '240', '000002415483497', '1', '10']","['-', '35251-48251', '1-522-362-1247', '1-534-235-6437', '1-463-232-7733', '1-348-112-4567', '-10,369.47', '-66,205.00', '-39,170.39', '-8,897.85', '-8.40']",42.jpg,Bank Statement,ITR_Form 16,False
1841,"['4', '123', '21224', '3', '20', '57.48', '071582', '8002473680', '5829389', '42.99', '160.75', '170.00', '195.00', '188.59', '10101', '180.00', '008838', '70.11', '12.98', '116.22', '19.86', '400.00', '14.06']","['1/2078', '443-573-4800', '1-877-527-2703', 'CHECKING-XXXXXXXX4101', '09/01/2018', '09/21/2018', '09/01/2018', '09/04/2018', '09/02', '09/04/2018', '09/05/2018', '09/05/2018', '09/05/2018', '09/06/2018', '09/06/2018', '09/06/2018', '09/07/2018', '09/07/2018', '09/10/2018', '09/07', '09/10/2018', '09/08', '09/10/2018', '09/11/2018', '09/14/2018', '09/14/2018', '09/14/2018', '09/13', '09/17/2018', '09/15', 'MARTINSBURG-INWOOD', '09/17/2018', '09/16']",43.jpg,Bank Statement,ITR_Form 16,False
1379,"['132', '032', '1997', '301095', '301096', '301086', '301099', '301100', '301097', '301098', '300903', '300902', '301050', '300906', '300905', '300910', '300911', '31', '1997', '31', '1997', '38.90', '45.00', '883.30', '36.00', '855.10', '566.60', '141.80', '253.80', '362.50', '90.40', '10.00', '883.30', '266.98', '38.30', '598.40', '235.15', '656.20', '369.25', '240.00']","['l-Aug', 'l-Aug', 'l-Aug', 'WITHDRAWAL/CHEQUE', 'l-Aug', 'WITHDRAWAL/CHEQUE', '5-Aug', 'WITHDRAWAL/CHEQUE', '7-Aug', 'WITHDRAWAL/CHEQUE', '8-Aug', 'WITHDRAWAL/CHEQUE', '10-Aug', 'WITHDRAWAL/CHEQUE', '12-Aug', 'WITHDRAWAL/CHEQUE', '13-Aug', '15-Aug', 'WITHDRAWAL/CHEQUE', '18-Aug', '=WITHDRAWAL/CHEQUE', '18-Aug', 'WITHDRAWAL/CHEQUE', '18-Aug', 'WITHDRAWAL/CHEQUE', '20-Aug', '2l-Aug', '22-Aug', 'WITHDRAWAL/CHEQUE', '24-Aug', '25-Aug', '=WITHDRAWAL/CHEQUE', '29-Aug', '9WITHDRAWAL/CHEQUE', '-']",44.jpg,Bank Statement,ITR_Form 16,False
1622,"['4047', '19715', '1234', '5678', '5879', '2004', '2004', '1361', '1361', '145.15', '727.50', '100.00', '47.82', '0.93', '40.00', '148.11', '60.00', '20.00', '125.13', '6.94', '2004', '2004', '7', '85.00', '15']","['RECPDA0001-123456789-01-000001-1-0001', '02782-5094431', 'JEAN-BAPTISTE,', '-1361', '-', '-', '-', '-', '-', '-', '02782-5094431', '1-800', '1-1', '(1-800-769-2511)', 'www.rbcroyalbank.com/deposits', 'www.rbcroyalbank.com/online', '1-800-ROYAL®', '5-5', '(1-800-769-2555)']",45.jpg,Bank Statement,ITR_Form 16,False
1257,"['3', '1', '2', '3', '4', '5', '01111113', '000000', '4304567890987', '2019', '0.00', '0.00', '419.08', '100.00', '0.00', '319.08', '100.00', '0.00', '219.08', '100.00', '0.00', '119.08', '100.00', '0.00', '19.08', '0.00', '100.00', '0.00', '100.00', '0.00', '0.00', '422.74', '0.00', '0.00', '913.63', '500.00', '0.00', '413.63', '413.63', '1', '2']","['E-mail', '0000-30001-', '29-Dec-2018', '12-Jan-2019', '01-Jan-2019', 'pRcR/easy.', 'D/4301201810853001', '01-Jan-2019', 'PRCR/easy.', 'D/4301201810853001', '01-Jan-2019', 'PRCR/easy.', 'D/4301201810853001', '01-Jan-2019', 'PRCR/easy.', 'D/4301201810853001', '02-Jan-2019', 'EFT/IC/BANK', 'ASIA/FRD', 'ACCOUN/FR', '02-Jan-2019', 'PRCR/easy.', 'D/4301201810853001', '02-Jan-2019', 'PRCR/easy', 'D/4301201810853001', '03-Jan-2019', 'CWDR/MOKKA-MODINA', 'G/4301201810853001', '07-Jan-2019', 'EFT/IC/BANK', 'ASIA/FRD', 'ACCOUN/FR', '07-Jan-2019', 'CWDR/MOKKA-MODINA', 'G/4301201810853001', '10-Jan-2019', 'CWDR/MOKKA-MODINA', 'G/4301201810853001']",46.jpg,Bank Statement,ITR_Form 16,False
1246,"['231', '2450', '108', '78521', '132.30', '515.22', '80.00', '100.00', '150.00', '177.00', '122.22', '000234', '9.33', '270.00', '280.00']","['mm/dd/yyyy', 'mm/dd/yyyy', 'mm/dd/yyyy', '111-234-567-890', 'mm/dd/yyyy', 'mm/dd/yyyy', 'mm/dd/yyyy', 'mm/dd/yyyy', 'mm/dd/yyyy', 'mm/dd/yyyy', 'mm/dd/yyyy', 'mm/dd/yyyy', 'mm/dd/yyyy', 'mm/dd/yyyy', 'mm/dd/yyyy', 'mm/dd/yyyy', 'mm/dd/yyyy', 'mm/dd/yyyy', 'mm/dd/yyyy', 'mm/dd/yyyy', 'mm/dd/yyyy']",47.jpg,Bank Statement,ITR_Form 16,False
791,"['02', '2019', '02', '2019', '10', '2019', '15', '15', '2019', '20', '2019', '2019', '25', '25', '2019']",['RefNo/ChequeNo|'],49.jpg,Bank Statement,ITR_Form 16,False
3288,"['152321', '33', '012345678', '000016170301074834000150646887', '636239513140470886', '1902', '1', '000013170306144649000009994924', '07034433706', '000013170306144649000009994924', '07034433706', '3320004273', '3310001885', '39.82', '9999812087', '0', '0.', '100.00', '5.00', '0703', '9999008430', '0', '000636245691498822226338096987', '000013170309113623000010650577', '000013170309113623000010650577', '0', '100.00', '5.00', '0', '000013170310063946000010750550', '5', '000013170310063946000010750550', '100.00', '5.00', '154.92', '9999023992', '48', '9999009251', '154.82', '9999978298', '154.82', '000013170312195807000011199244']","['16/Mar/2017', '-', '(621/916432/1/13/0)', '01/Mar/2017', '16/Mar/2017', '01-Mar-2017', '01-Mar-2017', 'HASKE/LIBRACIN', '-004273-', '-', '-001885-', '-', 'ATM/POS', '-812087--', 'ACCESS/TANSI', '01-Mar-2017', '01-Mar-2017', '03-Mar-2017', '03-Mar-2017', '06-Mar-2017', '06-Mar-2017', '06-Mar-2017,', '06-Mar-2017', '06-Mar-2017', '06-Mar-2017', 'aCCess/TANSI', '06-Mar-2017', '06-Mar-2017', 'POS/WEB', '-008430-', '-', '08-Mar-2017', '07-Mar-2017', 'PINPAD-42220045-', '08-Mar-2017', '08-Mar-2017', '332/8788', 'FB/CHUKWUALUKA', '09-Mar-2017', '09-Mar-2017', '09-Mar-2017', '09-Mar-2017', 'FB/CHUKWUALUKA', '09-Mar-2017', '09-Mar-2017', 'FB/CHUKWUALUKA', '40-Mar-2017', '10-Mar-2017', 'STERLING/ADESIYAN.COM', 'STERLING/ADESIYAN.COM', '10-Mar-2017', '10-Mar-2017', 'POS/WEB', '-023992-', '-', '10-Mar-2017', '10-Mar-2017', '13-Mar-2017', '«13-Mar-2017', '-009251-', '-FCMB', '13-Mar-2017', '13-Mar-2017', 'ATM/POS', '-978298--', '13-Mar-2017', '13-Mar-2017', '13-Mar-2017', '13-Mar-2017', 'DBN/NWANERI']",5.jpg,Bank Statement,ITR_Form 16,False
1554,"['15', '03', '03', '06', '07', '07', '07', '17', '27', '0345', '24', '2020', '123456789', '1', '2', '01', '2020', '31', '2020', '04', '2020', '31', '2020', '362.94', '413.28', '195.05', '387.66', '332.34', '200.00', '279.59', '11.00', '11.99', '85.00', '421.95', '49.99', '99.99', '317.67', '387.66', '18.73', '169828', '868.85', '668.85', '389.26', '378.26', '366.27', '281.27', '694.55', '272.60', '22261', '122.62', '31787', '0.00', '987.66', '0.00', '392.34', '316.61']","['13.Jul20—-', '13Jul20.-', ""THE'JUICEPLUS+COMP-"", '11-04-20']",51.jpg,Bank Statement,ITR_Form 16,False
775,"['02', '2019', '02', '2019', '10', '2019', '15', '15', '2019', '20', '2019', '2019', '25', '25', '2019']",['RefNo/ChequeNo|'],52.jpg,Bank Statement,ITR_Form 16,False
507,"['1250.00', '055444', '15414', '5000.00']","['[/CICi', '{02-04-2017', '[12-04-2017', '14:04-2097', '10-04-2017', '07-04-2017|Ret.', 'o2-04-2017|Ret']",53.jpg,Bank Statement,ITR_Form 16,False
2038,"['802', '3', '4562', '004562', '00684', '00506', '200015', '2014', '80000000', '0592', '1249', '43', '11', '18', '13', '2010', '14', '13', '001587905', '21', '08', '15', '29', '13', '02', '20', '13', '13', '13', '448960', '09', '13', '07', '14', '8', '4', '1']","['40-06-15', '2/1', 'www_-hshe.co_ule', 'CURRENT/EUROPEAN', 'IDLGB225278/00990274', 'B/F', '20-10-53', '40-05-15']",54.jpg,Bank Statement,ITR_Form 16,False
775,"['900', '1000000', '20000', '15', '000000', '0000', '00000', '20142039', '2000', '2000000', '2000', '1000000']",['RefNo/ChequeNo]'],55.jpg,Bank Statement,ITR_Form 16,False
1251,"['1', '2', '01', '29', '2020', '123456789', '123456780', '2411860.00', '112719', '3275', '112719', '3275', '112719', '3275', '112719', '3275', '112719', '3275', '02122']","['2020-', '7435100875-716-', '02/20', '02/04', '02/7', '02/20', '02/27', '02/18', '02/18']",56.jpg,Bank Statement,ITR_Form 16,False
947,"['90403', '1', '1', '2450', '108', '78521', '8', '600.00']","['111-234-567-890', 'mm/dd/yyyy', 'mm/dd/yyvy', 'mm/dd/vyvy', '-<Branch', 'mm/dd/yyyy', '-', 'mm/dd/yyvy', '-', 'mm/dd/yyyy', 'mm/dd/yyyy', 'mm/dd/yyyy', '-', 'mm/dd/yyyy', '-', 'mm/dd/yyyy', '-', 'mm/dd/yyyy']",57.jpg,Bank Statement,ITR_Form 16,False
285,"['5.3.12', '35.40', '147.50', '5196190179894243', '147.50', '6069860008278774']","['/', '28-FEB-2018', '-', '25-FEB-2018', '2017-18', '-', '25-FEB-2018', '2017-18', '-']",58.jpg,Bank Statement,ITR_Form 16,False
863,"['00100', '4493', '0040', '3.0', '1', '30.00', '3.00', '30.00', '3.00', '30.00', '0', '254706111191', '33.00', '2', '254706111191', '706111191', '103', '3.00', '30.00', '33.00', '7390.00', '5', '3.00', '5', '30.00', '1', '163', '1304', '163', '1305', '44120', '015', '300', '6', '30.90', '483931.78', '48400', '00100']","['AT-DPC', 'AT-DPC', 'AT-DPC', 'AT-DPC', '73350000129428/1012536281', 'AT-DPC', 'AT-DPC']",59.jpg,Bank Statement,ITR_Form 16,False
281,"['060', '9999', '9999']",[],6.jpg,Bank Statement,ITR_Form 16,False
2000,"['2', '8', '2', '3', '8', '8', '5', '8', '8', '3', '2', '8', '3', '8', '2', '8', '8', '48', '123', '123', '124', '234945', '14', '3135', '01', '01', '02', '02', '02', '03', '03', '03', '03', '03', '03', '10', '1', '06', '3167', '10781391', '1', '2018', '30', '2018', '13', '2221', '2018', '30.', '2018', '000115', '1200180874627741', '3149', '372.00', '25.00', '280.00', '32.99', '134.26', '30.00', '47.57', '50.00', '55.65', '43.80', '51.384.89']","['-', '-', '01/07/2018', '01/07/2018', '30/06/2018', '29/06/2018', '28/06/2018', '28/06/2018']",60.jpg,Bank Statement,ITR_Form 16,False
1210,"['700012', '540', '22123128', '554510034', '6', '2', '0.00', '1', '0.00', '4.00', '98906000129', '5.00', '96181000124', '98996000129', '5.00', '9', '96181000124', '973.', '89634005407']","['PARTY(W-B)', 'HQ-GEN-PUB-METRO-INR', '08/11/2016', '08/11/2016', 'E-mail:', 'p.3-', '08/11/16', '08/11/16', '08/11/16', '08/11/16', '08/11/16', '08/11/16', '8/11/26', '08/11/16', '4/11/16', '08/11/16', '41/16', '08/11/16', '11/16', '08/11/16']",61.jpg,Bank Statement,ITR_Form 16,False
660,"['5.3.11', '47.20', '2.00', '47.20', '47.20', '88.50', '5.00', '88.50', '23.60', '23.60']","['01-JAN-2018', '17398347/9494821060/XX6549/five', '31-DEC-2017', '-', '25-DEC-2017', '30-NOV-2017', '-', '31-OCT-2017', '-', '30-SEP-2017', '-', '25-SEP-2017', '31-AUG-2017', '-', '29-AUG-2017', 'CHARGE-220817', '27-AUG-2017', 'CHARGE-220817']",62.jpg,Bank Statement,ITR_Form 16,False
876,"['100', '4', '2900', '160']",['S/O'],63.jpg,Bank Statement,ITR_Form 16,False
2484,"['14340', '10', '10082048001', '201790', '10070139002', '000', '6009', '500', '000.00', '000', '4800.000.00', '1770613', '65.00', '0.00', '4499', '945.00', '400', '000.00', '400964809.', '1000', '000.00', '0.09', '9090', '.945.00', '000', '3099', '890.00', '201710622', '000.00', '0.00', '2599', '890.00', '68.00', '0.09', '636.00', '0.00', '4391.02', '226.02', '201707108', '39807817', '00', '221814785', '201707107', '6000.00', '0.00', '2210', '14785', '1099', '000.00', '0.00', '1210', '147.85', '85.00', '0.00', '121009285', '0.00', '1160', '082.85', '2017107003', '0.00', '1160', '037.45', '2017007109', '500.00', '0.00', '1149', '537.85', '20171070', '600', '000.00', '0.00', '549', '201707117', '980.00', '0.00', '30368725', '201707727', '0.00', '0.00', '35863285', '70728', '10070139002', '0.00', '7107128', '0.90', '1368563245', '2017007128', '0.00', '1358', '477.45', '000.00', '0.00', '125847745', '2017107728', '2017107728', '0.00', '80842248', '2017107128', '0.00', '858', '2017007731', '55.00', '0.00', '856', '367.45', '2017107131', '200', '0.00', '856', '367.45', '2017107131', '0.00', '65631245', '2017107131', '0.00', '1429.43', '657', '741.68', '201710802', '85.00', '0.00', '657', '686.88', '000.00', '0.00', '487', '688.88', '201710803', '0.00', '308', '61288', '2017108103', '0.00', '308', '587.88', '1', '2']","['2017/02/01', '2017/09/19', '2017/06/08', 'Feo-internot', '2017W6/13', 'RTC-GA', 'Fee-internat', 'RTC-GRAND', '(-£00', 'Fee-Administration', '(2017M46/30', '2017/0707', '(2017/0708', 'Fee-Iniemet', 'RTC-GA', '-60.000.00', 'Fee-Internet', 'RTC-VBS', '7-185', 'Fep-iniemet', 'RTC-VBS', 'Fae-Ton', 'Notly-', '-040', 'Fee-Internel', '2017/07/28', 'RTC-Eyadial', 'Fee-Inlemet', 'RIC-EFF', '-400000.00', '-2000.00', 'Foe-Intornot', 'RTC-EFF', 'Fee-Administration', 'Fee-tnternet', '2017/08/02', '+-200', 'Fee-tnternet']",64.jpg,Bank Statement,ITR_Form 16,False
1360,"['4', '2019', '0.00', '35', '0.00', '87412695602', '520002012', '1', '2019', '1', '2019', '4', '2019', '1', '1', '1', '1', '1', '1', '2019', '2', '91841']","['23-28-61,', 'VIAYAWADA-520011', 'NCHQ-INDIVIDUALS', 'No./Cheque', '|UPI/CR/918219892534/ADIVI', 'RAVANDByadiviraviUPI-', 'Jul2019/TO', 'TRANSFER-', '|UPV/DR/918219089024/ADIVI', 'RAVANDB/adiviravit/1~', '2019/70', 'TRANSFER-', '|UPVOR/918221768895/VEERU', '[BHOINA/dattuv@', 'pay/bl-', '2019/BY', 'TRANSFER-', '|UPUCR/918340367249/VEERU', 'IBHO/FDRUhelpdattu@/Payme-', '2019/3', '2019/', 'WDL-ATM', '‘GUNTUR-', 'Debit/Credit']",65.jpg,Bank Statement,ITR_Form 16,False
258,"['3', '10']",[],66.jpg,Bank Statement,ITR_Form 16,False
1388,"['2021.', '1', '2024', '123456789', '0011', '2021', '1.800', '465', '2021', '24', '7', '1800', '485', '7401', '1.902', '420', '103901687272', '600', '28.00', '000001001755', '848', '2057', '000001001756', '1229', '828', '350.00', '365001001084', '103305562267', '1470.00', '4839.98', '000000268582', '1530.98', '126.90', '100532236275', '1', '4']","['E-TRANSFER', 'E-TRANSFER', '-']",67.jpg,Bank Statement,ITR_Form 16,False
817,"['6', '12.2036', '000000568103226', '0002427989', '71326241670', '500', '218', '415', '5.6904', '00', '15.56.6904', '6900', '05203611', '000', '0520', '972045']","['Wooste-', '75150-9605,', '15-56-6904']",68.jpg,Bank Statement,ITR_Form 16,False
1846,"['0000000000', '600000000', '4430000', '72301298', '7228295', '2190016', '3650829', '991860', '1050000', '460000', '71869484', '2258', '72359468', '1670001', '1350090', '400000', '398505', '225852', '8225050', '961400']","['12/19/2021,', '41/18/2021', '12/19/2021', '11/18/2021', '-', '11/18/2021', '11/18/2021', '11/19/2021', '11/19/2021', '11/21/2021', '-', '11/25/2021', '-', '11/25/2021', '11/26/2021', '1/27/2021', '11/30/2021', '12/01/2021', '12/07/2021', '12/09/2021', '12/09/2021', '32/11/2021', '32/11/2021', '32/1172021', '02/12/2020', '32/11/2021', '02/11/2020', '32/12/2021', '02/12/2020', '12/12/2021', '12/13/2021', '12/13/2021', '32/13/2021']",69.jpg,Bank Statement,ITR_Form 16,False
1686,"['00990275', '502', '3', '4562', '004562', '00684', '00506', '200015', '2014', '43', '11', '13', '2010', '13', '001587905', '13', '05', '13', '21', '13', '13', '1053', '08', '13', '29', '13', '13', '10.000.00000', '20', '13', '13', '13.', '448960', '13', '07', '14', '1', '8', '4']","['40-06-15', '2//', '‘CURRENT/EUROPEAN', '10LGB225278/00990274', 'B/F', '3,000/000,000.00', '20-', '40-05-15']",7.jpg,Bank Statement,ITR_Form 16,False
2868,"['20', '760', '2021', '1594.58', '227', '700', '119', '419.00', '85.00', '017', '419.00', '6300.00', '0', '2288', '1.00', '2.00', '22.00', '20.00', '1075.00', '61077.00', '20.00', '1080.32']","['1234-56-78', '(01/02/2023', '-', '28/02/2021,', '(01/02/2021', '01/02/2021', '(01/02/2021', '(02/02/2021', '02/02/2021', '(02/02/2021', '(03/02/2021', '(04/02/2021', '05/02/2021', '(05/02/2021', '(07/02/2021', '(08/02/2021', '(09/02/2021', '10/02/2021', '10/02/2021', '16/02/2021', '18/02/2021', '18/02/2021', '18/02/2021', '19/02/2021', '20/02/2021', '20/02/2021', '22/02/2021', '25/02/2021', '26/02/2021', '26/02/2021', '26/02/2021', '26/02/2021', '26/02/2021', '26/02/2021', '01/02/2024', '-', '28/02/2021', '-']",70.jpg,Bank Statement,ITR_Form 16,False
886,"['8', '21322', '1030146246280', '2158', '108501733', '2158', '0201', '00000000379461372', '2158', '174.28', '493', '85', '36', '2158', '1', '74174557', '300228', '1030573036383', '2158', '45', '70.28', '2158', '0201', '8774174561', '2158', '3', '0201', '6774174551', '12000', '2168']","['Witndrawals/', '02/03', '02/01', '02/01', '02/01', 'Crck-F#-A']",71.jpg,Bank Statement,ITR_Form 16,False
1547,"['10', '2555', '8730', '4427594903', '130.78', '03103721', '13078', '26103721', '20000', '33878', '26103221', '9.99', '13.60', '31718', '2610321', '2000', '297.18', '2610321', '73.48', '22373', '20103221', '00336', '2000', '54373', '20102721', '273', '519.00', '20103721', '434.25', '30103221', '2798167', '200.00', '634.25', '2000321', '10.00', '624.25', '30103721', '2081', '603.44', '30103221', '79.10', '524.34', '33007', '48714', '23714', '53.', '1', '3']","['0321-146', '-', 'Number/Australian']",72.jpg,Bank Statement,ITR_Form 16,False
1465,"['8', '2', '002', '02064', '408', '2019', '2019', '00147', '123456789', '11805', '2019', '2019', '1602', '1240', '4', '0771', '6768', '31897', '8', '0994', '0306', '2850', '3022', '139.80', '700.00', '204.97', '400.00', '500.00', '52.54', '23.26', '125.00', '384.80', '500.00', '500.00', '500.00']","['1-800', '1-1', '(1-800-769-2511)', 'www.rbcroyalbank.com/deposits', '02064-123456789', '3Apr__e-Transfer', '-', '04-02', '-', '-', '-', '-', 'e-Transfer', '-', '-', '-', '-', '-', '-']",73.jpg,Bank Statement,ITR_Form 16,False
1656,"['1111111', '1610', '0011', '1111', '11', '22', '2014', '21', '2014', '1', '1803.90', '22', '2014.', '190.40', '1803.9', '22', '2014', '22222299', '140.00', '1613.5', '24', '2014', '132.30', '1473.5', '24', '2014', '515.22', '1341.2', '25', '2014', '80.00', '825.98', '25', '2014', '745.98', '26', '2014', '20745.98', '27', '2014', '100.00', '18284', '.43', '01', '2014', '150.00', '18184.43', '01', '2014', '177.00', '18034.43', '01', '2014', '122.22', '17857', '.43', '01', '2014', '0000234', '17735.21', '01', '2014', '9.33', '16535.21', '01', '2014', '2470.00', '16544.54', '21', '2014', '14074.54', '21', '2014', '3548.14', '21', '2014', '280.00', '2548.14']","['16-10-00', '650274051211-CHB']",74.jpg,Bank Statement,ITR_Form 16,False
944,"['010872018', '200', '7', '20018', '263.00', '100', '6']","['S/O', 'HOOTTECBAREVETaSSDUATGuR/BHOU']",75.jpg,Bank Statement,ITR_Form 16,False
1624,"['1111111', '1610', '0011', '1111', '11', '1', '1803.90', '22', '2014.', '190.40', '1803.9', '22', '2014', '8242.7', '140.00', '1613.5', '24', '2014', '132.30', '24', '2014', '515.22', '1341.2', '25', '2014', '80.00', '825.98', '25', '2014', '745.98', '26', '2014', '20745.98', '27', '2014', '100.00', '18284.43', '01', '2014', '150.00', '18184.43', '01', '2014', '177.00', '18034.43', '01', '2014', '122.22', '17857.43', '01', '2014', '0000234', '17735.21', '01', '2014', '9.33', '16535.21', '01', '2014', '2470.00', '16544.54', '21', '2014', '14074.54', '21', '2014', '3548.14', '21', '2014', '280.00', '2548.14']","['16-10-00', '650274051211-CHB']",76.jpg,Bank Statement,ITR_Form 16,False
42,[],[],77.jpg,Bank Statement,ITR_Form 16,False
770,"['02', '2019', '02', '2019', '10', '10', '2019', '15', '15', '2019', '20', '20', '2019', '25', '25', '2019']",['RefNo/ChequeNo|'],78.jpg,Bank Statement,ITR_Form 16,False
64,"['1', '2015', '30', '2018']",[],79.jpg,Bank Statement,ITR_Form 16,False
1013,"['1111111', '1610', '0011', '1111', '11', '22', '2014', '21', '2014', '65027405121', '22222222', '0000234', '2470.00', '1', '2014', '1', '2014', '1', '2014', '280.00']","['16-10-00', '1-CHB', 'A/C']",8.jpg,Bank Statement,ITR_Form 16,False
2448,"['20', '2020', '16', '17', '18', '20', '22', '23', '24', '21', '3531436900', '2020', '071660', '60408617', '070436', '45929999', '070436', '45929999', '35314369001', '071660', '60408617', '19', '2020', '071660', '60408617', '20', '2020', '4650052', '1.10221', '070436', '45929999', '1.10274', '0572', '2020', '22', '1', '4', '123456789', '86', '603.84', '1.76', '681', '415.28', '10.06', '074', '1234', '1234', '27.00', '100.00', '170.00', '30.00', '11.79', '18.00', '48.43', '100.00', '148.43', '200.00', '72.00', '103.00', '74.06', '2.21', '600.00', '697.16', '14.60', '0.44', '682.12', '1.66', '1106078.']","['16/06/2020', 'S/MKTS', 'E/TUNNEL', 'Non-Sterling', 'Non-Sterling', '-', '07-04-35', 'nationwide.co.uk/fraudaware', 'nationwide.co.uk/update-']",80.jpg,Bank Statement,ITR_Form 16,False
1451,"['2', '24', '2020.', '00001213456789', '2020', '8', '8', '272.48', '10', '200.00', '12', '260.00', '12', '2100.00', '13', '135.07', '14', '200.00', '7131.47', '14', '260.00', '15', '525.72', '327.63', '7', '729.96', '18', '272.48', '18', '200.00', '18', '250.00', '18', '2.00.00', '18', '135.07', '19', '200.00', '732147', '19', '260.00', '19', '525.72', '20', '227.83', '20', '729.96', '20', '250.00', '20', '525.72', '20', '327.63', '24', '729.96']","['1-801-930-0991', '1-713-888-1655', '$2/395.67']",81.jpg,Bank Statement,ITR_Form 16,False
1174,"['0000858581485', '24', '7', '2010', '8', '8', '10', '12', '12', '13.', '18', '18', '18', '18', '18', '19', '19', '20', '20', '20', '20', '20', '52.3957', '27245', '200.00', '20.00', '2100.00', '13807', '200.00', '20.00', '525.72', '729.98', '27245', '200.00', '250.00', '2100.00', '13807', '200.00', '20.00', '525.72', '32763', '729.96', '20.00', '52572', '32763', '729.96']","['‘“Wonste-www-choteebankcom™', '1800-555-7969,', 'erzsee-aa7e']",82.jpg,Bank Statement,ITR_Form 16,False
766,"['20', '123456789', '80.00', '86.69', '6.69', '4468', '25.19', '0.78', '26.49', '2127', '38.95', '60.00', '69.31']","['01/11/2020', '-', '16/11/2020', '04-00-04', '16/11/2020', '15/11/2020', '-18.50', '16/11/2020', '14/11/2020', '19/11/2020', '19/11/2020', '-30.36', '19/11/2020']",83.jpg,Bank Statement,ITR_Form 16,False
1158,"['0987', '123', '670.00', '3456', '740.00', '347.85', '75.45', '330.96', '88.88', '0231', '18.75', '3.75']","['12345-6789', '1-000-222-3456', '12345-6789', '06/01/2022', '06/30/2022', '111-222-3333', '06/01', '26/03', '06/08', '06/13', '06/15', '06/18', '06/24', '06/25', '06/28', '06/29', '26/30', '06/30', '06/30']",84.jpg,Bank Statement,ITR_Form 16,False
766,"['20', '123456789', '80.00', '86.69', '6.69', '4468', '25.19', '0.78', '26.49', '2127', '38.95', '60.00', '69.31']","['01/11/2020', '-', '16/11/2020', '04-00-04', '16/11/2020', '15/11/2020', '-18.50', '16/11/2020', '14/11/2020', '19/11/2020', '19/11/2020', '-30.36', '19/11/2020']",85.jpg,Bank Statement,ITR_Form 16,False
1158,"['0987', '123', '670.00', '3456', '740.00', '347.85', '75.45', '330.96', '88.88', '0231', '18.75', '3.75']","['12345-6789', '1-000-222-3456', '12345-6789', '06/01/2022', '06/30/2022', '111-222-3333', '06/01', '26/03', '06/08', '06/13', '06/15', '06/18', '06/24', '06/25', '06/28', '06/29', '26/30', '06/30', '06/30']",86.jpg,Bank Statement,ITR_Form 16,False
1158,"['0987', '123', '670.00', '3456', '740.00', '347.85', '75.45', '330.96', '88.88', '0231', '18.75', '3.75']","['12345-6789', '1-000-222-3456', '12345-6789', '06/01/2022', '06/30/2022', '111-222-3333', '06/01', '26/03', '06/08', '06/13', '06/15', '06/18', '06/24', '06/25', '06/28', '06/29', '26/30', '06/30', '06/30']",88.jpg,Bank Statement,ITR_Form 16,False
2354,"['1800', '7086', '1', '234', '3456', '6789', '2019', '2019', '1', '3', '000096466', '01', '28101', '17', '405.75', '30', '263', '2019', '384.50', '17', '8607171056', '99.00', '18', '100.00', '19', '19', '100.00', '19', '100.00', '22', '50.00', '26', '100.00', '29', '100.00', '30', '1.00', '5264681992', '1', '200', '00', '12', '50.00', '12', '200', '00', '15', '50.00', '17', '071719', '8100093189', '24692169198100093189880', '18', '071719', '9100655200', '24692169199100655200744', '22', '1907191849', '431919', '071919', '920023431919', '22', '4707201309', '044547', '072019', '920118044547']","['55101-0800', '(1-800-872-2657)', '314-425-2000', '1-234-3456-6789', '907.75-', '.50-', '07/', '18/', '07/19/19', '07/19/19', '07/20/19', '07/26/19', '07/27/19', '08/01/19', '08/10/19', '08/10/19', '08/15/19', '/', 'xxxx-xxxx-xxxx-6789,', '-', '866-712-7753', '14.43-', 'ITUNES.COM/', '-', '23.57-', '3.91-', '17.01-']",89.jpg,Bank Statement,ITR_Form 16,False
1413,"['11367', '3', '01', '30', '2019', '01', '2', '1.02', '8', '0.06', '0.10', '0.56', '1.124', '0.46', '3.200', '173.74', '12.00', '4.06', '786.23']","['141-12', '2019-Nov', '3077408-081-E-***', '00-4324930654', 'TDBANK.COM/NEWPROCESS', '1-888-888-0130', '00-4324930654', '11/30', '11/30', '11/10', '11/14', '11/16', '11/16', '11/16', '11/17', '11/19', '11/19', '11/20', '11/21', '1-800-937-2000', '24-hour', 'Bank-by-Phone']",90.jpg,Bank Statement,ITR_Form 16,False
777,"['02', '2019', '02', '2019', '10', '2019', '2019', '15', '2019', '15', '2019', '20', '20', '2019', '25', '25', '2019']",['RefNo/ChequeNo|'],91.jpg,Bank Statement,ITR_Form 16,False
723,"['20', '2008', '00', '00', '91', '31', '2000', '99', '2000', '9']","['SSNCHO-GEN-PUBIND-NONRURAL,']",92.jpg,Bank Statement,ITR_Form 16,False
1248,"['2', '98101', '01', '29', '2021', '01', '2021', '343.0', '33313', '22765556', '448850', '413020', '1582349784', '3435', '13232', '4367452', '01', '2021', '03', '2021', '06', '2021', '06', '2021', '08', '2021', '08', '2021', '10', '2021', '12', '2021', '15', '2021', '9985.50', '6000.00', '3700.00', '12285.50', '041215663', '1', '9985.50', '300.00', '9685.50', '70.00', '9615.50', '200.00', '9415.50', '2950.00', '12365.50', '2000.00', '10365.50', '50.00', '10415.50', '100.00', '10315.50', '280.00', '10035.50', '150.00', '9885.50']","['Old-fashioned', 'T-MOBILE.COM', '800-422-3641', '800-422-3641', 'www.suttonbank.com/']",93.jpg,Bank Statement,ITR_Form 16,False
1238,"['2', '98101', '01', '29', '2021', '01', '2021', '01', '2021', '03', '2021', '343.0', '06', '2021', '33313', '06', '2021', '22765556', '08', '2021', '08', '2021', '413020', '1582349784', '10', '2021', '12', '2021', '3435', '15', '2021', '13232', '4367452', '9985.50', '6000.00', '3700.00', '12285.50', '041215663.', '234', '1', '9985.50', '300.00', '9685.50', '70.00', '9615.50', '200.00', '9415.50', '2950.00', '12365.50', '2000.00', '10365.50', '50.00', '10415.50', '100.00', '10315.50', '280.00', '10035.50', '150.00', '9885.50']","['T-MOBILE.COM', '800-422-3641', '800-422-3641', 'www.suttonbank.com/']",94.jpg,Bank Statement,ITR_Form 16,False
1174,"['0000858581485', '24', '7', '2010', '8', '8', '10', '12', '12', '13.', '18', '18', '18', '18', '18', '19', '19', '20', '20', '20', '20', '20', '52.3957', '27245', '200.00', '20.00', '2100.00', '13807', '200.00', '20.00', '525.72', '729.98', '27245', '200.00', '250.00', '2100.00', '13807', '200.00', '20.00', '525.72', '32763', '729.96', '20.00', '52572', '32763', '729.96']","['‘“Wonste-www-choteebankcom™', '1800-555-7969,', 'erzsee-aa7e']",95.jpg,Bank Statement,ITR_Form 16,False
32,[],[],96.jpg,Bank Statement,ITR_Form 16,False
1157,"['201', '11', '2017', '0090081081429392', '0.00', '41.95', '78117105389', '7', '1', '2017', '2017', '1000001']","['B-', 'A-21', '-OPER', 'MCL-OD']",97.jpg,Bank Statement,ITR_Form 16,False
32,[],[],98.jpg,Bank Statement,ITR_Form 16,False
337,"['435901502470', '900', '70', '34', '26', '0247', '4302293', '5024', '3.']",['RIGS/NEFT'],1.jpg,Check,ITR_Form 16,False
241,"['7', '62.8002.', '04', '2']",[],10.jpg,Check,ITR_Form 16,False
126,['42'],[],100.jpg,Check,ITR_Form 16,False
456,"['2010', '500', '015.', '8']","['(M)/', '-', '-', 'RTGS/NEFT']",11.jpg,Check,ITR_Form 16,False
184,['20.04'],[],14.jpg,Check,ITR_Form 16,False
214,"['2', '5', '0', '9', '4', '2']",[],15.jpg,Check,ITR_Form 16,False
16,[],[],16.jpg,Check,ITR_Form 16,False
395,"['620009', '10']","['-Y', 'NON-HOME', 'MULTI-CITY']",17.jpg,Check,ITR_Form 16,False
421,"['500082', '23352176', '10', '20253913434', '1515800052']","['6:3.347/22/2,', '40-23352160', 'NON-HOME', 'MULTL-CITY']",18.jpg,Check,ITR_Form 16,False
396,['3'],"['""A/C', '|80,000/-', 'C7S-2010_']",19.jpg,Check,ITR_Form 16,False
228,"['499', '026']","['---', '/860200—']",2.jpg,Check,ITR_Form 16,False
589,"['625019', '5', '26', '0.', '9.2.0', '015100050303396', '1']","['/CTS-2010', '_S/69-A', '-', 'A/C']",20.jpg,Check,ITR_Form 16,False
205,[],[],21.jpg,Check,ITR_Form 16,False
29,[],[],22.jpg,Check,ITR_Form 16,False
400,"['2', '2', '230995329781824', '6950020322', '32']","['70/9', '2/0|1]7,', '1,23,500/-', 'MULTL-CITY']",24.jpg,Check,ITR_Form 16,False
424,"['06', '0', '8', '33']",['NON-HOME'],25.jpg,Check,ITR_Form 16,False
334,"['30', '7', '38808561007', '2009', '2']","['ON-HOME', '03-201']",26.jpg,Check,ITR_Form 16,False
225,"['10', '10', '09']",[],27.jpg,Check,ITR_Form 16,False
367,['5893252132'],['A/C'],28.jpg,Check,ITR_Form 16,False
207,['7'],"['/-', '|37,000/-']",29.jpg,Check,ITR_Form 16,False
52,['2500'],[],3.jpg,Check,ITR_Form 16,False
252,[],"['25-09-2012', '03-016', 'Os/sos14']",30.jpg,Check,ITR_Form 16,False
177,"['2', '3']",[],31.jpg,Check,ITR_Form 16,False
400,"['230998329781824', '00']","['70/9', '2/0/1]', 'MM_Y_¥_-¥_-¥', 'MULTI-CITY']",32.jpg,Check,ITR_Form 16,False
410,"['40', '5893252132', '5']",['A/C'],33.jpg,Check,ITR_Form 16,False
284,"['695', '036', '695', '036', '2012', '695050040', '10']","['-', '-']",34.jpg,Check,ITR_Form 16,False
128,"['354974', '655']","['/', '/', '-MultiPay']",35.jpg,Check,ITR_Form 16,False
501,"['1', '31946947274', '14', '40000', '20']",['TPSC-'],36.jpg,Check,ITR_Form 16,False
375,"['5', '12767', '143521', '315', '10', '1516100017']","['/', 'NON-HOME', 'MULTI-CITY']",37.jpg,Check,ITR_Form 16,False
202,['3'],['MUMBA}-40005'],38.jpg,Check,ITR_Form 16,False
64,['262222002'],[],4.jpg,Check,ITR_Form 16,False
64,['2'],[],40.jpg,Check,ITR_Form 16,False
264,[],['b-'],41.jpg,Check,ITR_Form 16,False
113,['10067021'],[],42.jpg,Check,ITR_Form 16,False
249,['9'],"['2/0/1412', '/']",43.jpg,Check,ITR_Form 16,False
143,"['695', '036', '495', '036', '7', '40']",[],44.jpg,Check,ITR_Form 16,False
45,[],[],45.jpg,Check,ITR_Form 16,False
224,"['222', '002', '222', '002', '61880010100', '8', '2220270028', '20']","['-', '-', '18/s5', 'SNSP/15']",46.jpg,Check,ITR_Form 16,False
102,['760122955'],[],47.jpg,Check,ITR_Form 16,False
143,[],['1/2]'],48.jpg,Check,ITR_Form 16,False
396,"['8', '6', '482016', '2', '005', '4', '2', '1515600027', '62002015']",['MULTI-CITY'],49.jpg,Check,ITR_Form 16,False
107,"['3100', '2']",[],5.jpg,Check,ITR_Form 16,False
240,[],['5[0|9|2/0/1[2'],51.jpg,Check,ITR_Form 16,False
207,[],"['[2[5]o/9[2[0]', '1/2]']",52.jpg,Check,ITR_Form 16,False
170,['42'],['(RtCS/NEFTIFsc:toiex'],53.jpg,Check,ITR_Form 16,False
105,[],[],54.jpg,Check,ITR_Form 16,False
60,[],[],55.jpg,Check,ITR_Form 16,False
119,[],[],58.jpg,Check,ITR_Form 16,False
201,[],"['/scz_FIVE', '02122°0/16', '5000/-']",59.jpg,Check,ITR_Form 16,False
334,"['70420', '32']","['-812001', 'MMYYY/Y', '/']",6.jpg,Check,ITR_Form 16,False
244,"['4', '4']",[],60.jpg,Check,ITR_Form 16,False
190,"['1025', '19.', '2010', '19915', '5', '4025']",[],61.jpg,Check,ITR_Form 16,False
64,[],[],62.jpg,Check,ITR_Form 16,False
82,[],['500000/-'],63.jpg,Check,ITR_Form 16,False
260,"['1000', '31272550475', '10000', '80', '493002264', '33']","['/', 'W?sccode--SiN0001381']",64.jpg,Check,ITR_Form 16,False
263,[],['CO-OPERATIVE'],65.jpg,Check,ITR_Form 16,False
355,['16002016'],"['90,28,000F-', 'MULTI-CITY']",66.jpg,Check,ITR_Form 16,False
86,"['20061201', '100.55']",['$/'],67.jpg,Check,ITR_Form 16,False
306,['10'],[],68.jpg,Check,ITR_Form 16,False
224,['735264024'],['2|5|0|9/2|0|1|2'],69.jpg,Check,ITR_Form 16,False
107,"['400', '197490']",['1/4/4/2/2)o[Z73'],71.jpg,Check,ITR_Form 16,False
162,['600.059.'],"['-', 'OR-DEARER-']",72.jpg,Check,ITR_Form 16,False
7,[],[],73.jpg,Check,ITR_Form 16,False
22,[],['/-'],75.jpg,Check,ITR_Form 16,False
4,[],[],76.jpg,Check,ITR_Form 16,False
22,[],['/-'],77.jpg,Check,ITR_Form 16,False
6,[],[],78.jpg,Check,ITR_Form 16,False
582,"['411019', '41', '445.', '445.00', '05221', '5154']","['PUNE-MUMBAI', '-']",8.jpg,Check,ITR_Form 16,False
328,['7'],"['10000-—', 'MULTI-CITY']",80.jpg,Check,ITR_Form 16,False
143,"['695', '036', '495', '036', '7', '40']",[],81.jpg,Check,ITR_Form 16,False
328,['7'],"['10000-—', 'MULTI-CITY']",82.jpg,Check,ITR_Form 16,False
7,[],[],83.jpg,Check,Check,True
328,['7'],"['10000-—', 'MULTI-CITY']",84.jpg,Check,ITR_Form 16,False
214,[],"['CO-OP.', '2509/2', '0/112']",85.jpg,Check,ITR_Form 16,False
186,"['936147113', '1000087', '0000220001', '28', '00000135000007']",[],86.jpg,Check,ITR_Form 16,False
123,['1265678'],[],87.jpg,Check,ITR_Form 16,False
40,[],[],88.jpg,Check,ITR_Form 16,False
86,"['20061201', '100.55']",['$/'],9.jpg,Check,ITR_Form 16,False
160,"['08', '695240002', '32']","['-...', '/2]']",91.jpg,Check,ITR_Form 16,False
464,"['620009', '10']","['NON-HOME', 'MULTI-CITY']",92.jpg,Check,ITR_Form 16,False
105,[],[],93.jpg,Check,ITR_Form 16,False
449,"['28', '22353068', '053702800', '53']",['306-1-001-1-053702'],95.jpg,Check,ITR_Form 16,False
396,"['8', '6', '482016', '2', '005', '4', '2', '1515600027', '62002015']",['MULTI-CITY'],96.jpg,Check,ITR_Form 16,False
213,[],[],98.jpg,Check,ITR_Form 16,False
66,"['7', '34']",[],99.jpg,Check,Check,True
1745,"['16', '203', '1961', '200', '17', '10', '89']","['INCOME-TAX', 'sub-section', 'web-site.', '[T-Gross', '(3-5)', 'Income(@-10)']",10.jpg,ITR_Form 16,ITR_Form 16,True
338,['7'],"['WARD/CIRCLE', 'FLAT/DOOR/BUILDING', 'ROAD/STREET', 'AREA/LOCALITY', 'TOWN/CITY/DISTRICT', '/A12)', '/']",100.jpg,ITR_Form 16,ITR_Form 16,True
1730,"['13', '222', '3', '7', '28', '52', '22', '1', '120']","['-', 'Tomopsarrmo-aaem', 'Income-tax', '2012-15,', '-', 'TTR-V', 'TD-CBC']",101.jpg,ITR_Form 16,ITR_Form 16,True
2205,"['16', '31', '205', '1961', '4191', '600097', '700006', '121', '201415', '600034', '200', '5437200', '00', '7796.00', '2237.00', '246', '008539', '62013', '2', '09', '77566', '3', '30082014']","['Income-tax', '21-May-2014', '5/838,', '4-13675000', '‘TaxTeam-India@', '(CHENNAT-', '31-Mar2014', 'pald/credited', '/remited', 'paid/redited']",11.jpg,ITR_Form 16,ITR_Form 16,True
160,[],"['2020-21', '80D-~=Ss«80G_-—S—s«']",13.jpg,ITR_Form 16,ITR_Form 16,True
2142,"['31', '203', '1961', '530012', '206', '20', '1', '8900', '2', '3', '9200', '4', '8750', '8750', '35950', '266', '2', '3', '4', '5', '6', '8', '9', '10', '246', '1', '2', '3', '4', '5', '6', '8', '9', '10', '0']","['_0-15-111,', '/', '31-Mar-20', '2020-21', 'Paid/credited', '(dd/mmiyyyy)', '(dd/mmyyyyy)', 'Son/Doughter']",15.jpg,ITR_Form 16,ITR_Form 16,True
410,"['203', '1961', '200']","['Income-tax', 'sub-section']",16.jpg,ITR_Form 16,ITR_Form 16,True
669,"['16', '208', '1961', '30', '5', '2', '5']","['Income-tax', '(t-2)']",17.jpg,ITR_Form 16,ITR_Form 16,True
925,"['34', '203', '1961', '60', '60', '80', '80', '206', '200', '4', '0', '0', '0', '0']","['2021-22', '/', 'Sub-Section']",18.jpg,ITR_Form 16,ITR_Form 16,True
1074,"['203', '1961', '200', '2', '2010', '3', '7', '10', '10', '8.', '4.', '5.', '4', '6.', '3']","['No-', 'ad-108', '(1-2)']",19.jpg,ITR_Form 16,ITR_Form 16,True
3411,"['5', '2', '1', '148', '0', '11', '1', '2']","['ITR-4', 'Birth/Formation', 'RoadiStrect/Post', 'Town/City', 'Code/ZIP', 'Residential/Office', 'Address-1', 'Pensioners-PSt', 'it-', 'Pensioners-', 'Pensioners-CG', '11139(1)-On', '139(4)-Affer', '139(3)-Revised', 'instruction]-', '11.11922)0)-', '119@)(b)-', 'Number/', '2021-227', '10-IE', '-', '(Yes/No)', '(Yes/No)', 'drop-down']",2.jpg,ITR_Form 16,ITR_Form 16,True
18,[],[],20.jpg,ITR_Form 16,ITR_Form 16,True
818,"['16', '203', '1061', '200']",['sub-section'],21.jpg,ITR_Form 16,ITR_Form 16,True
5,[],[],22.jpg,ITR_Form 16,Check,False
4,[],[],23.jpg,ITR_Form 16,ITR_Form 16,True
2175,"['203', '1961', '4', '5', '6', '1', '21250.00', '1943', '2', '17000.00', '1943', '3', '17000.00', '1943', '55250.00', '7', '200', '5525.00', '5525.00', '2125.00', '6910333', '12255', '1700.00', '6910333', '12255', '1700.00', '6910333', '13109', '5525.00', '1', '2']","['Income-tax', '29-Jan-2017', '-', '2017-18', '01-Oct-2016', '31-Dec-2016', 'paid/', 'payment/', '(dd/mm/yyyy)', '01-11-2016', '03-11-2016', '09-12-2016', 'sub-section', '/', 'payment-wise', '(dd/mm/yyyy)', 'payment-wise', '(dd/mm/yyyy)', '07-12-2016', '07-12-2016', '06-01-2017']",24.jpg,ITR_Form 16,ITR_Form 16,True
1275,"['2', '3', '3', '1', '1', '1']","['No-', 'Wuilding/Village', '(92CD-Modified', 'C11192\\b)-after', 'non-resident', 'TINow-rsideat']",25.jpg,ITR_Form 16,ITR_Form 16,True
836,"['203', '1961', '400023', '7']","['Income-tax', '2012-13', '-']",27.jpg,ITR_Form 16,ITR_Form 16,True
332,"['16', '203', '1961']","['Income-tax', '/semtte']",28.jpg,ITR_Form 16,ITR_Form 16,True
278,['1'],"['[210/118]', '-[1']",29.jpg,ITR_Form 16,ITR_Form 16,True
815,"['4', '16', '560032', '20', '01.09', '16000', '5160', '5418.0', '500.0']","['s1-Mer201s', '-', '/']",30.jpg,ITR_Form 16,ITR_Form 16,True
995,"['16', '203', '90', '062019', '121.', '2', '99']","['Encwmne-eax', 'ob-ape2012']",31.jpg,ITR_Form 16,ITR_Form 16,True
159,['2'],[],32.jpg,ITR_Form 16,ITR_Form 16,True
1953,"['61', '1']",['deposted/remite'],33.jpg,ITR_Form 16,ITR_Form 16,True
599,"['3', '7']",['[2/2'],35.jpg,ITR_Form 16,ITR_Form 16,True
1907,"['00009406', '16', '1.', '2.', '10', '19200.00', '80000.00', '3.', '4.', '5.', '6.', '7.', '8.', '9.', '1.', '80', '603256.00', '9560.55', '0.00', '0.00', '0.00', '97200.00', '0.00', '0.00', '612816.55', '99200.00', '513617.00', '0.00', '97200.00', '0.00', '0.00', '17100.00', '17100.00', '17100.00', '13501.00', '13501.00', '13501.00', '10.', '2', '127801.00', '11.', '385820.00', '12.', '3', '6791.00', '13.', '0.00', '14.', '6791.00', '15.', '204.00', '16.', '6995.00', '17.', '0.00', '1', '513617.00', '513617.00', '0.00', '0.00', '18.', '4', '6995.00', '3', '4']","['Balance(1-2)', ""‘salaries'(3-5)"", 'VI-A', 'Income(8-10)', 'u/s', '(16-17)']",36.jpg,ITR_Form 16,ITR_Form 16,True
332,"['16', '203', '1961']","['Income-tax', '/semtte']",38.jpg,ITR_Form 16,ITR_Form 16,True
1013,[],"['2020-21', 'ITR-1', '/', '/', '/', '/', 'City/', '139(1)-On']",40.jpg,ITR_Form 16,ITR_Form 16,True
332,"['16', '203', '1961']","['Income-tax', '/semtte']",41.jpg,ITR_Form 16,ITR_Form 16,True
874,"['16', '203', '1961', '07235', '105', '200', '2', '02', '03']","['Income-tax', '2016-2017', '01/04/2015', '31/03/2016', 'sub-', 'paid/credited', 'deposited/remitted']",43.jpg,ITR_Form 16,ITR_Form 16,True
422,"['2022', '31', '0', '31', '9000', '3600', '1600', '1250', '4550', '20000', '20000']",['A/c'],1.jpg,Salary Slip,ITR_Form 16,False
504,"['2017', '2', '300.00', '300.00', '300.00', '25.00', '25.00', '50.00', '1234567890']",[],10.jpg,Salary Slip,ITR_Form 16,False
542,"['21023', '2021', '126', '10000', '1200', '1000', '500', '400', '400', '200', '11600', '2100', '9500', '9500']",['2018-06-23'],100.jpg,Salary Slip,ITR_Form 16,False
994,"['6000014', '2159', '2018', '30034800', '56900', '9446155306', '100885397388', '20', '20', '56900', '7305', '3983', '706']","['044-28152956,', '04-28132957', 'CHENNAI-', '-', 'A/C', 'Pay-Shp']",102.jpg,Salary Slip,ITR_Form 16,False
514,['2024'],"['A/C', '-', '-']",11.jpg,Salary Slip,ITR_Form 16,False
1623,"['1134', '1123', '40211', '420', '172010', '100', '10823', '0', '1798', '0.00', '0.00', '30.00', '315.00', '6132010', '1134', '23', '40211', '42011', '95979', '123.234', '1000', '10423', '104.23', '0.00', '50.00', '81796', '31796', '64.70', '36470', '30.00', '3504', '3959.79', '397', '1000', '1134', '123', '40211', '7', '1123', '42011', '223456']","['XXXXX-3128Petod', '6/9/2010', '6/172010', '-', 'XXXXX-3123_Patod', '6/172010', '6/172010', '123-1234', 'Ffty-Nine', '79/100']",12.jpg,Salary Slip,ITR_Form 16,False
31,['27'],[],13.jpg,Salary Slip,ITR_Form 16,False
1174,"['24', '5', '26', '38800', '7800.09', '2.79600', '441800', '87400', '9800', '3.19700', '1800.09', '1300.09']","['JAIPUR-202004', ':0141-2226006', 'e-Mail:', 'Web-Site:']",14.jpg,Salary Slip,ITR_Form 16,False
31,[],[],15.jpg,Salary Slip,ITR_Form 16,False
639,"['132', '3', '4', '5', '6', '2', '260', '7', '300', '8', '6', '9', '230', '10', '70', '11', '1200', '12', '1400', '13', '14', '15', '20']","['5000|PF-Counter', 'EOBI-DED']",16.jpg,Salary Slip,ITR_Form 16,False
352,"['20.', '7']","['-', '-', '-', '-', '-']",18.jpg,Salary Slip,ITR_Form 16,False
387,['2005.'],"['Steno-Typist', 'Rs.12,106/-', '-', 'Rs.1,333/-', 'Rs.10,773/-']",19.jpg,Salary Slip,ITR_Form 16,False
387,"['2018', '9876543210']",['01-06-2018'],2.jpg,Salary Slip,ITR_Form 16,False
484,"['2005.', '700.00', '300.00']","['Steno-Typist', 'Rs.12,106/-', 'Rs.1,333/-', 'Rs.10,273/-']",20.jpg,Salary Slip,ITR_Form 16,False
525,"['2022', '200.00', '550.00', '30.00', '750.00']","['Level-Index', '04-04', '/', '/-']",21.jpg,Salary Slip,ITR_Form 16,False
512,"['560032', '985762564222', '0.00', '30.00', '1005615616', '1235468748941', '96436.00']","['-', 'Jun-2015', 'KN/abed/303', '01/04/2011']",22.jpg,Salary Slip,ITR_Form 16,False
400,"['110001', '160192', '6', '50000', '0', '15000', '45000', '110000', '500', '109500']","['-', 'Fee-1)']",24.jpg,Salary Slip,ITR_Form 16,False
775,"['7', '44900', '31705', '2245', '16360', '3600', '3725', '10776', '870', '1453', '15853', '2853', '60166', '72819', '102466', '25500', '23700', '1275', '12229', '3600', '1837', '6120', '870', '1453', '11850', '2133', '36495', '54072', '75639']",['Lease/HRA'],25.jpg,Salary Slip,ITR_Form 16,False
251,[],['90/00/70'],26.jpg,Salary Slip,ITR_Form 16,False
580,"['2013', '6', '31', '682', '2', '80']",['20610-714-105832'],27.jpg,Salary Slip,ITR_Form 16,False
676,"['4', '2016', '30', '2016', '30', '2016', '07', '2015', '1.5', '5.0481', '038752260', '700.00', '25.24', '363.46', '720000', '0.00', '0.00', '2.5', '9']","['/', '30/04/2016', 'TO-DATE', 'YEAR-TO-DATE', 'ALLOW/DEDUC', '/', '-5', '/']",28.jpg,Salary Slip,ITR_Form 16,False
523,"['2021', '12000.00', '1677.00', '3360.00', '50.00', '200.00', '30', '30.00']","['01-01', '/', 'Union/Association', '/-', '-up']",29.jpg,Salary Slip,ITR_Form 16,False
380,[],"['A/c', 'ONCALL/SHIFT']",30.jpg,Salary Slip,ITR_Form 16,False
566,"['912', '5.0076.16.', '01.19.8113.', '6.8', '92.', '6', '2', '40', '3103', '657']",[],31.jpg,Salary Slip,ITR_Form 16,False
519,"['11', '2017', '30', '100.00', '680.0', '880.00']","['CSE-8182', '2/01', '-', 'Re-imbursement,', '-', '23,620.00/-']",32.jpg,Salary Slip,ITR_Form 16,False
424,[],"['A/C', '/Shift']",33.jpg,Salary Slip,ITR_Form 16,False
189,"['7600', '00']",[],34.jpg,Salary Slip,ITR_Form 16,False
440,"['0.0', '1.00', '2500.0000', '2500.00', '0.0', '2006201', '2500.00', '2500.00', '0.00', '0.00', '2500.00', '2500.00', '308.00', '0.00', '0.00', '0.00']",[],35.jpg,Salary Slip,ITR_Form 16,False
746,"['110020', '2020', '20.00', '20.00', '300', '0.00', '0.00', '0.00', '2199.00', '71085.00']","['W-42', 'Phase-II', '03/10/2020', 'MG-IV', 'wP/Absent;']",36.jpg,Salary Slip,ITR_Form 16,False
659,['16'],"['Bangalore-seas', 'Feb/2018', 'KnN/45889/1036']",37.jpg,Salary Slip,ITR_Form 16,False
412,"['358.00', '120.00', '500.00', '478.00']","['-', 'TSD/IT']",38.jpg,Salary Slip,ITR_Form 16,False
547,"['2021', '21700.00', '2778.00', '0', '75.00']","['Level-Index', '03-01', '/PRAN', '/-', '-up']",4.jpg,Salary Slip,ITR_Form 16,False
380,[],"['A/c', 'ONCALL/SHIFT']",40.jpg,Salary Slip,ITR_Form 16,False
488,"['2018', '200000', '0000', '0000', '0000', '2500', '2500', '50.00', '28', '2007']",[],42.jpg,Salary Slip,ITR_Form 16,False
484,"['2005.', '700.00', '300.00']","['Steno-Typist', 'Rs.12,106/-', 'Rs.1,333/-', 'Rs.10,273/-']",44.jpg,Salary Slip,ITR_Form 16,False
708,"['7', '2011', '2000000000000', '500.00', '200.00', '787.49', '393.75', '600.00']","[':KA/BA/2345.', 'Acct/Cheque']",45.jpg,Salary Slip,ITR_Form 16,False
886,"['44700', '5214', '8940', '12000', '1500', '400', '150', '500', '150', '500', '37226']","['Profile/Admin', 'mLoans/Advances', 'State-30700-65400', 'CMDRF-Flood', '-', 'Insurance-sub(129)', 'Insurance-sub(129)', 'Insurance-sub(129)', '55640/Total']",47.jpg,Salary Slip,ITR_Form 16,False
616,"['2021', '14567', '31', '31', '15000.00', '6000.00', '1600.00', '1250.00', '6150.00', '30000.00', '15000.00', '6000.00', '1600.00', '1250.00', '6150.00', '0.00', '30000.00', '1800', '200', '2000', '28000']","['A/C', 'Jan-21']",48.jpg,Salary Slip,ITR_Form 16,False
164,['8'],[],49.jpg,Salary Slip,ITR_Form 16,False
482,"['2022', '3.050050', '25200.00', '3377.00', '1851.00', '30.00']","['(GEE/PRAN', '/Aon', '/-', '-qwENT']",5.jpg,Salary Slip,ITR_Form 16,False
572,"['2007', '07', '975.09', '96.28', '59.41', '6868.76', '683.86', '420.61', '8789.68', '975.09', '155.69']","['Code/Basis:', 'Personnel/SMPersonnel']",51.jpg,Salary Slip,ITR_Form 16,False
424,"['120.00', '478.00']",['TSO/T'],52.jpg,Salary Slip,ITR_Form 16,False
1497,"['1000', '1134', '125', '40211', '1123', '2017', '12423456', '7890423456', '152123123', '1134', '1123', '40211', '100', '1.28646', '10823', '31796', '31796', '364.70', '30.00', '959.79', '3959.79', '1324123123', '6132010', '34', '1123', '6.172010', '40211', '2011', '10423', '30.00', '8859.79']","['123-1234', 'Fity-Nine', '79/100', '6/3/2010', '23-3', '6/172010']",53.jpg,Salary Slip,ITR_Form 16,False
6,[],[],54.jpg,Salary Slip,Check,False
602,"['4587', '0', '34', '7500.00', '900.00', '112.50']","['May-21', '03/04/20']",55.jpg,Salary Slip,ITR_Form 16,False
443,"['0.00', '0.00', '88']",['-'],57.jpg,Salary Slip,ITR_Form 16,False
14,[],[],58.jpg,Salary Slip,ITR_Form 16,False
659,['16'],"['Bangalore-seas', 'Feb/2018', 'KnN/45889/1036']",59.jpg,Salary Slip,ITR_Form 16,False
1174,"['24', '5', '26', '38800', '7800.09', '2.79600', '441800', '87400', '9800', '3.19700', '1800.09', '1300.09']","['JAIPUR-202004', ':0141-2226006', 'e-Mail:', 'Web-Site:']",60.jpg,Salary Slip,ITR_Form 16,False
399,"['002021', '2', '225', '000', '14550', '090', '474008']",[],61.jpg,Salary Slip,ITR_Form 16,False
929,"['2013', '2', '0.00', '0.00', '907.00', '0.00', '591.00', '800.00', '0.00', '126.00', '0.00', '28', '988.00']","['—-', 'Eteneer-', '14-02-1900', '[20-10-2011']",62.jpg,Salary Slip,ITR_Form 16,False
405,['2021'],"['Phase-1', 'Delhi-110020']",63.jpg,Salary Slip,ITR_Form 16,False
1271,"['4', '11528900', '29.10.2015', '07.05.2018', '31.05.2028.', '31.00', '100599518240', '625.00', '10.00', '20.00', '915030043726587']","['-', 'GN/GON/25202/3386', '1/962.00', '-HD', '-', '-', '/', '//hrconnect']",64.jpg,Salary Slip,ITR_Form 16,False
399,"['10', '13', '4', '15', '16', '7', '18', '19', '105']",['02-Nov-22'],65.jpg,Salary Slip,ITR_Form 16,False
777,"['2022', '....5', '798.00']","['-110001', 'PF/NPS', 'ap-Hoc', '73,670.00/-']",66.jpg,Salary Slip,ITR_Form 16,False
946,"['1014', '3291', '2388', '03', '2008', '08', '26', '26', '1200.00']","['Fax-+91', '-', '-', '-', '-', '-', '-', '17/14,']",68.jpg,Salary Slip,ITR_Form 16,False
1174,"['24', '5', '26', '38800', '7800.09', '2.79600', '441800', '87400', '9800', '3.19700', '1800.09', '1300.09']","['JAIPUR-202004', ':0141-2226006', 'e-Mail:', 'Web-Site:']",69.jpg,Salary Slip,ITR_Form 16,False
369,[],[],7.jpg,Salary Slip,ITR_Form 16,False
817,"['2009', '2', '05.05.2005', '20', '02154875641', '05', '000', '781933', '720.00', '228580', '200.00', '138447', '695.48', '3.50388', '980.00', '0.00', '307']",[],70.jpg,Salary Slip,ITR_Form 16,False
804,"['560068', '9864077628', '400473419529', '31.00', '0.00', '710000.00', '00', '4400.00', '2000.00', '200.00', '1800.00', '4400.00', '482000.00']","['-', 'May-2013']",71.jpg,Salary Slip,ITR_Form 16,False
357,[],[],72.jpg,Salary Slip,ITR_Form 16,False
131,[],[],73.jpg,Salary Slip,ITR_Form 16,False
567,"['2020', '2.00', '2.00', '250.00', '100', '512.00']","['Level-Index', '/', 'O|Union/Association', 'p.QQBONAS-', '/-']",74.jpg,Salary Slip,ITR_Form 16,False
452,[],[],75.jpg,Salary Slip,ITR_Form 16,False
570,"['2022', '47600', '6052.00', '612', '.00', '5584.00', '.00', '3600', '.00']","['Level-Index', '08-01', '/', '/-']",76.jpg,Salary Slip,ITR_Form 16,False
22,[],[],77.jpg,Salary Slip,Check,False
523,"['2021', '12000.00', '1677.00', '3360.00', '50.00', '200.00', '30', '30.00']","['01-01', '/', 'Union/Association', '/-', '-up']",78.jpg,Salary Slip,ITR_Form 16,False
851,"['0', '820', '6.009', '600', '098.']","['2013-2014', '=(A)-@)', '-']",79.jpg,Salary Slip,ITR_Form 16,False
1133,"['2019', '0832207', '100477280462', '20', '2015', '0', '5.00.00', '600.00', '7200.00', '1730000', '419.00', '4187.00', '75.00', '300.00', '000', '700.00', '0.00', '0.00', '73000', '0.00']",['Rates/Month'],8.jpg,Salary Slip,ITR_Form 16,False
413,"['99', '2007', '30000']",['-'],80.jpg,Salary Slip,ITR_Form 16,False
716,"['2021', '44900.00', '5253.00', '200.00', '7633.00', '1596.00', '550.00', '306.00', '4884.00', '3592.00', '60.00', '1800.00', '58231.00', '11793.00', '750.00', '550.00']","['Level-Index', '07-01', '/', '/-', '-up']",81.jpg,Salary Slip,ITR_Form 16,False
528,"['2007', '07', '975.09', '6868.76', '683.86', '420.61', '59.41', '8789.68', '155.69']","['Code/Basis:', 'Personnel/SMPersonnel']",82.jpg,Salary Slip,ITR_Form 16,False
1062,"['2019', '101250480599', '14098.00', '14038.00', '14038.00', '16924', '708.00', '708.00', '708.00', '260.', '0.00', '0.00', '1.00', '0.00', '0.00', '0.00', '0.00', '2.00', '0.00', '2380.00', '2350.00', '1', '1715300', '00', '1715300', '2008', '190000758']","['oao1/2016', 'MH/VASHI/118096/222456', '/']",84.jpg,Salary Slip,ITR_Form 16,False
1042,"['033', '102', '2', '2', '2', '501', '1245', '2014', '500.00', '700.00', '500.00', '200.00', '200.00', '300.00', '100.00', '500.00', '500.00']","['-', '-', '-', 'A/CNO:', 'A/C', '-', '-', '-', '-']",85.jpg,Salary Slip,ITR_Form 16,False
1100,"['2018', '01', '2012', '8', '00142296405', '3', '0', '4500.00', '11748.00', '200.00', '1.68207', '299.98', '562.00', '500.00', '20']","['‘e-Yagni', '-']",86.jpg,Salary Slip,ITR_Form 16,False
738,"['2', '01.08.2018', '31.08.2018', '200.90', '1500', '033', '15.00', '100.00']","['SWREPER-CUM-GARDNER', 'GPE/EPFNo', '-', '124,410,00-{']",87.jpg,Salary Slip,ITR_Form 16,False
1174,"['24', '5', '26', '38800', '7800.09', '2.79600', '441800', '87400', '9800', '3.19700', '1800.09', '1300.09']","['JAIPUR-202004', ':0141-2226006', 'e-Mail:', 'Web-Site:']",88.jpg,Salary Slip,ITR_Form 16,False
825,"['2019', '1', '31.00', '23.07', '319.00', '3100', '600', '08', '08', '93.00', '19.25', '7.70', '12.40', '86.54', '14.40', '115', '21.64', '4.00', '26.54', '19.33', '38.00', '734.44', '377.00', '7.70', '67.35', '00', '.00', '820.98', '126.07', '358.35', '102.09', '460.44']","['-', 'MONTHLY/', '/LINENO.', '17/7/2019']",89.jpg,Salary Slip,ITR_Form 16,False
652,"['2', '1000110', '2', '2', '18707796', '400', '024', '379.00', '700.00', '100.00', '3', '0.00', '74.00', '9.00', '2', '14.0', '2', '208.00', '3', '9.09', '384.00', '0.00', '411.', '5']","['08/08/96', '18/530.', '0-00', '-Edncation', '---~', 'Tot-Days', 'Tet-Days', '0-90']",9.jpg,Salary Slip,ITR_Form 16,False
406,"['2017', '300.00', '300.00', '300.00', '25.00', '25.00', '50.00', '2017']",[],90.jpg,Salary Slip,ITR_Form 16,False
368,[],[],91.jpg,Salary Slip,ITR_Form 16,False
304,[],['2017/6/1'],92.jpg,Salary Slip,ITR_Form 16,False
540,"['21023', '2021', '126', '10000', '1000', '400', '200', '11600', '1200', '500', '400', '2100', '9500', '9500']",['2018-06-23'],93.jpg,Salary Slip,ITR_Form 16,False
554,"['560008', '2019', '607470', '800.00', '960.00', '390.00']","['15/05/2019', '897-A23']",95.jpg,Salary Slip,ITR_Form 16,False
492,"['4587', '7500.00', '3750.00', '1600.00', '1250.00', '2900.00', '1500.00', '31', '0', '31']","['May-21', '(03/04/20']",96.jpg,Salary Slip,ITR_Form 16,False
522,['2'],['htipe:/payroll'],97.jpg,Salary Slip,ITR_Form 16,False
275,"['2', '2', '300000000', '3000']",[],98.jpg,Salary Slip,ITR_Form 16,False
620,['30'],"['Jun-22', 'A/c', 'Tnsurance/EST']",99.jpg,Salary Slip,ITR_Form 16,False
18,[],[],1.jpg,Utility,ITR_Form 16,False
341,['104'],[],100.jpg,Utility,ITR_Form 16,False
899,"['123', '2000', '14111111', '1111', '2222', '2222', '2222', '123', '2000', '27', '2019', '24', '2019', '25', '2019', '17', '2019', '16', '2019']",['-'],12.jpg,Utility,ITR_Form 16,False
1252,"['102078', '408', '4395', '31.55', '7.05', '38.60', '3', '8', '0.06']","['1-600-042-4272', '1-800-892-2945', '1-800-867-5222', 'Charges/Adjustments', '-', 'opt-out']",13.jpg,Utility,ITR_Form 16,False
72,[],[],14.jpg,Utility,ITR_Form 16,False
1136,"['284', '4', '236483', '911', '30', '911', '2022', '2022', '2022', '2022', '10', '10']","['12601-4839', '12601-18', 'CentralHudson.com/MyAccount', 'CentralHudson.com/ContactUs', '845-452-2700', '1-800-942-8274', '$-564.92', '$-1.36', '-']",15.jpg,Utility,ITR_Form 16,False
209,"['30', '96.64', '30', '6530.00', '60', '6630.00', '4.00']","['26-Jun-2009', 'JUN-2009', '/']",16.jpg,Utility,ITR_Form 16,False
74,['150372403'],[],17.jpg,Utility,ITR_Form 16,False
980,"['2019', '2019', '15', '2', '2019.', '1', '2', '2019']","['-$159.99', '-', '210-4825', '281-0375', '1-888-774-3111', '1-877-969.0999']",18.jpg,Utility,ITR_Form 16,False
628,"['77246518', '30', '61', '0', '0', '0', '0', '0', '2', '2']","['05-Jan-2018', '65/-', '03-Feb-2018', '19-Feb-2018', '-']",2.jpg,Utility,ITR_Form 16,False
2285,"['1', '4', '2014', '2014', '12305', '2014', '104.18', '80.10', '80.10', '2014.', '300', '13202', '2014', '31.98', '22.62', '54.60', '22.97', '2.53', '25.50', '180', '54.95', '80.10', '120', '60', '24', '16', '8', '0', '13', '14', '6', '04', '80.10', '300', '120', '16', '11742', '081443', '12305', '12741660186000039096138']","['12741-66018', '1-800-642-4272', '1-888-932-0301', '-104.18', '17800-892-2345', 'www.nationalgridus.com/', '1-800-443-1837', '__May-t4_', 'make/receive', 'www.nationalgrid.com/myaccount', '12741-66018', '13202-0960', '3-DIGIT', '07101-4742']",20.jpg,Utility,ITR_Form 16,False
72,"['2464000', '5000', '100']",['RUPEES-GNE)'],21.jpg,Utility,ITR_Form 16,False
921,"['12345678910', '4344', '33009', '1', '300', '2021', '2021', '2021', '10', '3000', '2021', '2.', '3.']","['123-4567', '11/01/2021', '123-4567']",22.jpg,Utility,ITR_Form 16,False
322,"['120', '01711', '1.48']","['-VALKEY-RO-GRIFFIN-Gm', 'S0234———-', '08/09/57', '92/04/99', 'TE-685']",23.jpg,Utility,ITR_Form 16,False
1202,"['7', '886', '7058518', '2000', '2010', '36', '8', '2010', '4', '17', '0.00', '20100', '988284305', '3', '5', '2010', '2010', '2010', '7888', '11176']","['4-800-286-2000', '(860-847-2000', '‘Mon-Fri', '7am-7pm', '10am-3:20pm', 'MS*-', '-', 'svo/OLAP']",24.jpg,Utility,ITR_Form 16,False
1911,"['2149', '12345678', '89101112', '858', '167.55', '971572021', '338', '08', '1', '1600', '2', '1795', '14', '080', '07', '36556', '0', '0', '4', '2149', '85224', '52158']","['480-782-2280', '480-782-3510', 'chandleraz.gov/utiltybill', 'Water/Sewer', '9/152021', '10/15/2021', '-', 'chandleraz.gov/utilitybill', 'Monday-Friday', '-§', '12345678-87654321', '85072-2158']",25.jpg,Utility,ITR_Form 16,False
834,"['7', '7', '10.02', '28', '27', '3', '2.', '6', '6', '2', '5.02', '4', '1', '61', '15.65', '16', '7', '67', '7', '04']",[],26.jpg,Utility,ITR_Form 16,False
507,"['6301685752', '1800', '233', '3555', '14.2', '1', '768.00', '618814', '300089', '9111', '300371', '11249207', '7', '146']","['1115480-03/05/19.', '5-100/D/6/7/303,', 'FNO-303', '29/84/2019', 'Consumed:i/i2', '040-66611115']",27.jpg,Utility,ITR_Form 16,False
1977,"['2018', '1234567890', '1', '2', '2018', '251.56', '51.56', '62.77', '32301', '4', '7', '4298', '1208', '3438', '1206', '2276', '17', '591', '18158', '1295', '1158', '2531', '107', '1169', '0', '66', '0', '89', '8', '169', '0', '0', '5269', '5269', '182', '0', '0', '176', '45', '39', '25', '7', '48', '32', '43', '39', '4', '418', '373', '45', '39', '40', '0', '42', '4', '1234567890', '1234', '32301', '435', '32301', '000001']","['891-4968', '-', '-', '4/2/2018', '-', '5/1/2018', 'ug-', 'Dec-t7', 'Mar-18', 'Oct-17', 'Jun-', 'Feb-18', 'Aug-17', 'Apr-17', 'van-18', '-', '-', '4/2/2018', '-', '5/1/2018', 'Apr-', 'Dec-17', 'Aug-17', 'New-i7', 'Mar-18', 'Oct-17', 'Jun-17', 'Feb-18', 'Sep-17', 'Apr-17', 'Jan-18', '-', '-', '4/2/2018', '-', '5/1/2018', 'Apr-18', 'Dec-17', 'Aug-17', 'Mar-18', 'Oct-17', 'Jun-17', 'Feb-18', 'Sep-17', 'Apr-17', '-', '-', '-', '-', '5/25/2018']",28.jpg,Utility,ITR_Form 16,False
37,[],[],29.jpg,Utility,ITR_Form 16,False
1254,"['2', '37', '47315', '37995', '7', '4662', '4631', '31', '743.74', '12.00', '2', '3542', '874.41', '7.00', '0.21', '721', '25.88', '1.23', '911', '3.25', '0.78', '31.14', '55.00', '2', '967.76', '2021']","['1-800', 'o2/14722-', '02/4722', '03/10/22', '02/14/22', '14/:', '01/08/22', '-', '02/14/22', '01/08/22', '-', '02/14/22', '01/08/22', '-', '02/14/22', '03/10/22', '03/10/22', 'www.tapwaterinfo.com/barbourville.pdf', '|606-546-3187', '02/14/22', '03/10/22', '203860-104536']",3.jpg,Utility,ITR_Form 16,False
346,"['327', '185', '00', '43', '88', '66', '88.', '24', '107', '0224', '8']","['britishgas.co.uk/MakeAPayment', 'britishgas.co.uk/SubmitMeterRead']",30.jpg,Utility,ITR_Form 16,False
1676,"['0800', '048', '0101', '16', '0311', '1234', '1234', '1234', '28', '034', '05', '2008', '0', '08', '25', '2008', '201.62', '0800307', '1234', '1734', '22']","['Ubritishgas.co.uk/billing', 'to-pay', '20/March', 'Catit/oetn', '40-05-30,']",32.jpg,Utility,ITR_Form 16,False
972,"['757', '30501', '20501', '187', '2.00', '3.000', '2', '416.087', '3', '2', '544', '032', '1200', '10.68', '210', '620', '3060', '87', '0356', '7300200038456']","['1-17-22', '12/31/2021', 'o38673-002']",33.jpg,Utility,ITR_Form 16,False
1520,"['123', '123', '1234567', '2020', '2021', '123467434', '31', '31', '30508', '28.0', '20', '7480', '238', '31', '74054', '239', '424', '31', '638', '31', '207117', '688', '30', '442557475', '31', '116462', '376', '20200501', '30', '90982303', '31', '77133249', '29', '224', '20200201', '31', '7073248', '202000131', '283', '1', '1', '01001', '1234567', '135.78', '2021', '2021', '123458', '2020', '2021', '1.', '1.053000', '805.980000', '124.97', '124.97', '51.94', '23.10', '34.15', '57.40', '3.56', '87249', '8225', '22.12']","['https://myaccount.cnpower.com', 'e-Billing', '-', '$0.105000/kWh)', '$0.150000/kWh)', '$0.217000/kWh)', '-56.49']",35.jpg,Utility,ITR_Form 16,False
460,"['24', '9110', '8274', '19723722078', '744', '113', '033', '2653', '0025']","['09/89/7186', 'Consumed:6/12', 'NO./DATE', 'DATE/TIME', '-']",36.jpg,Utility,ITR_Form 16,False
744,"['31854', '2', '1159000', '1137000', '15.00', '50.00', '46080314']","['S-{', '5-118938020', '18938/KG03-59', '02/2009', '17/02/2009', '74/1']",37.jpg,Utility,ITR_Form 16,False
417,"['7000', '284', '920000', '27000', '0.00', '154', '2', '209.', '2053']","['8/10/2018', '24/10/2018']",38.jpg,Utility,ITR_Form 16,False
1654,"['110005', '8282455147', '110083', '933529471', '15049599', '15', '932499083003', '2400', '2520', '15049599', '47', '61', '1193.13', '71591', '30', '45875', '31.33', '2300.18', '0.00', '4']","['Address:5/246', 'fioors-1)', '41-Miscellaneous', 'Zone/MR', 'SZ2/', '488/METERED', 'A-22/DAYALPUR', '-|', '(DJB/Pvt):', 'ZALL(2021-02)', '29-OCT-2021', '29-DEC-2021', 'Date-', 'Reading/Meter', '/', '_|30-OCT-2021|', '_2205/0K', '_|31-AUG-2021|_2144/', '(25-OCT-2018', '11-DEC-2018)', '‘OF-MAR-2021', '28-APR-2021', '(01-MAR-2021', '28-APR-2021', '‘O1-MAR-2021', '28-APR-2021', '-', '‘O1-MAR-2021', '25-APR-2021', '‘O1-MAR-2021', '28-APR-2021', '-']",39.jpg,Utility,ITR_Form 16,False
1721,"['12345', '7', '8', '4', '4', '807', '10041706', '1206', '1108', '200', '70', '6', '997300', '1', '6']","['1234567890-1', '09/28/2019', '-91.57', 'Monday-Friday', 'a.m.-9', 'a.m.-6', '1-800-743-5000', '08/28/2019', 'www.pge.com/MyEnergy', 'www.pge.com/waystopay', '/', 'income-qualified', '1-800-PGE-5000', 'www.pge.com/fera.', '1-800-PGE-5000', 'www.pge.com/fera.', '123456789-1', '09/28/2019', '95899-7300']",40.jpg,Utility,ITR_Form 16,False
619,"['2019', '2019', '1090', '103', '31', '1768', '15']","['(0107-31707', '(01707-31707', '(0107-31007', '01/07/2019', '31/07/2019', '-']",41.jpg,Utility,ITR_Form 16,False
916,"['2647', '1681', '4494570000', '2', '49208']","['NW3/', '15-APR-2017,', 'A-', '516-05)', '79-Fe6.2017', '79/0K_—“[2eJAN-2017', '10/']",42.jpg,Utility,ITR_Form 16,False
2033,"['7', '16914', '2', '8', '10627926', '213', '10627926', '326241', '302595', '46.88', '434.12', '481.00', '9', '2.', '5', '24']","['-', '0-800-CALL-BWS', '0-800-BWS-LEAK', '(+501)-222-4757', '(+501)-222-4759', 'E-Mail:', '0-1', '16/06/16', '00000-0000', '1201-6260', 'Please-indicate-amount', '15/05/16', '17/05/16', '16/06/16', '0-800-BWS-LEAK', '0-800-CALL-BWS']",43.jpg,Utility,ITR_Form 16,False
1387,"['250001', '205800', '2', '3', '1000', '0', '7', '155', '1912']","['-', '-EUDD-7']",44.jpg,Utility,ITR_Form 16,False
863,"['02', '863', '4511', '800', '639', '6081', '1234567', '2016', '123', '10', '1', '03', '2', '3', '31', '20.7', '10.00', '4', '572', '10.00', '5.04', '10.00', '0.45', '5', '0.69', '6', '66.08', '02', '000000', '15']","['05/02/2016', '06/02/2016', '08/02/2016', 'Payments/Adjustments', '-37.00', '-']",45.jpg,Utility,ITR_Form 16,False
1022,"['30.00', '1', '5', '12345', '0.00', '0.00', '312', '0.00', '331.96', '331.86', '2020', '120720', '553', '6182', '115580', '12705', '8', '272', '2188', '2019', '2020']","['503-823-7770', '-', '223-456-769-0', '—_oBra7720-11724720', '-§', 'On-site']",46.jpg,Utility,ITR_Form 16,False
1202,"['7', '886', '7058518', '2000', '2010', '36', '8', '2010', '4', '17', '0.00', '20100', '988284305', '3', '5', '2010', '2010', '2010', '7888', '11176']","['4-800-286-2000', '(860-847-2000', '‘Mon-Fri', '7am-7pm', '10am-3:20pm', 'MS*-', '-', 'svo/OLAP']",47.jpg,Utility,ITR_Form 16,False
1237,"['17', '7', '3', '00', '055540352788', '0', '0040', '180', '45000', '169', '7', '5', '0000', '02.0000', '020000', '60', '5250', '4', '17', '09222', '41606', '00500287', '4', '22', '297', '17', '03', '12212', '1416306', '297']","['-', '*ywetcocon-e', 'csb-44a', 'anninns/aae', '-CR']",48.jpg,Utility,ITR_Form 16,False
1633,"['10', '31', '2014', '10', '600485895', '000', '0000', '60', '27', '2014', '27', '2014', '10', '2014', '20', '2014', '295', '10', '2014', '600485895', '143', '0947', '61.91', '101822288600485895', '91']","['09000000/0', '16/07/15', '16/07/15.', '-', 'cout/businessimeterread,', '-your', '43-09-47']",49.jpg,Utility,ITR_Form 16,False
3594,"['2112067.00', '110', '001', '220', '110001', '1074278', '2269', '09', '3', '110004', '1.000', '400059510632', '1', '07', '2000', '12200', '12200', '2000', '000', '0.00', '0.00', '1047600', '979600', '2000', '160000', '000', '4360000', '703276.00', '65620.00', '745', '672117.', '00', '145760.81', '4060.00', '125', '185740.00', '785', '212020.00', '7', '0.00', '0.00', '82142067.', '9624150.00', '7', '30', '457700', '01092015', '995520', '1259807', '38', '9700', '2038099.08', '9580', '4902098.13', '30', '421380', '134238058']","['30/06/2015', 'MRB/Poge/', ':355/113/1', 'SUB-STATION,', '_Mobile/Tel', '-', '-765/765.00)', '14/07/2008', '-', '600/E', ':25.200/0.0000.0', ':CT/BE84e28', 'Zone/SeatNo', '4/0', 'SUB-STATION,', 'DELHI-', 'Supply/Con', 'REVAEDWEP-', '31/05/2015)', '-rarss.2s@25%', '1654357-00', 'Ralunds/Subsiy', '/', '‘Subsidy/Concession/Rebate', '30/06/2015.', '28/05/2015', 'Ron-payment', '-']",50.jpg,Utility,ITR_Form 16,False
1958,"['24', '7771', '103', '103', '7', '010792', '13', '13', '13', '13', '13', '13', '13', '7222', '77', '14', '2', '71483', '520000472', '19', '3228', '7165', '57', '394', '563.53', '25.65', '16.61', '109.04', '714.83', '79', '129', '13', '1313', '14']","['-', ""N'7a7/0N"", '1/2', '1800-200-103', '19/03/2014-7', '850-', '680-', '340-', '170-)', ',/7233', 'a/ni77', '03/03/2014', '06/01/2014-N', 'Anglo-list', ""-AD'N"", '-', '03/03/2014', '06/01/2014', '05/03/2014', '-', '-', '-LIST.COM', '/', 'ANGLO-LIST.COM']",51.jpg,Utility,ITR_Form 16,False
921,"['12345678910', '4344', '33009', '1', '300', '2021', '2021', '2021', '10', '3000', '2021', '2.', '3.']","['123-4567', '11/01/2021', '123-4567']",52.jpg,Utility,ITR_Form 16,False
1872,"['7', '2019', '2019', '0001234567', '0800', '012', '4510', '1', '26', '25', '28', '30', '29', '25']","['cus-', 'Mon-Fri', '8am-6pm', '-', '-', '-', '-', '-', '-', '-', '-', '-', '-', '-', '-']",53.jpg,Utility,ITR_Form 16,False
1031,"['7', '160750', '573', '567020', '44.14', '00', '2', '1', '142', '435.00', '718955555', '2', '5', '24', '9911554411', '002354']","['Delhi-110092', '17614/7500000039942987', 'Z:11-166,WELCOME', 'DELIH-10083', 'Category/Area', 'Domestic/', 'Equipmen/Qty', '142Kg/HSN:27111900/', 'Advance/Loan(Rs.):', 'A/c']",54.jpg,Utility,ITR_Form 16,False
3074,"['2545', '56', '0325453627', '225001', '0325453627', '3', '7401008152779', '6', '7', '6', '0.00', '60', '17', '251.09', '111.00', '0.00', '9000', '0.89', '0.00', '3251.00', '0.00', '17257', '125.00', '0325453', '19364', '0.00', '0.00', '000', '0.00', '0.00', '0.00', '33607265', '8.00', '0.00', '34510068.00', '0.00', '9', '218.99', '1294753.20', '0.00', '142', '738872.49', '142', '0.00', '0.00', '0.00', '0.00', '0.00', '53007268.68', '1325453607', '032547567', '53807288', '1912']","['BILL-CUMNOTICE', '25/7/2018', 'TiUL-2018', 'O7-AUG-2018', 'Fixed/Demand', 'No-', 'O7JUL-2018', '[Fep-2018', 'LJAN-2018', '[NOV-2017', 'online-', '-', 'DD/Cheque', 'E-Suvidha']",55.jpg,Utility,ITR_Form 16,False
921,"['12345678910', '4344', '33009', '1', '300', '2021', '2021', '2021', '10', '3000', '2021', '2.', '3.']","['123-4567', '11/01/2021', '123-4567']",57.jpg,Utility,ITR_Form 16,False
630,"['1', '2', '123', '29201', '27', '2021', '154.29', '25', '23.49', '3']","['0-0000-0000-0000', '09/02/21', '-188.68', '9/27/21', '10/5/21']",58.jpg,Utility,ITR_Form 16,False
209,"['30', '96.64', '30', '6530.00', '60', '6630.00', '4.00']","['26-Jun-2009', 'JUN-2009', '/']",59.jpg,Utility,ITR_Form 16,False
514,"['9666023456', '9966', '876', '938', '1800', '233', '3555', '3', '4', '2', '5', '220711']","['ANYTIME-', 'NO./DATE', 'DATE/TIME', '-', '8-272/30/3,']",6.jpg,Utility,ITR_Form 16,False
1230,"['2', '24971', '701000', '696000', '5000', '83.00', '27']","['SN17-243', '/', '12/05/2019', '|27/05/2010', '/', '/', '/', '/', '/', '/Total']",60.jpg,Utility,ITR_Form 16,False
1543,"['12345678', '107', '02859', '68', '32851', '0.002000', '289', '2692773', '24096', '0.000282', '0.003428', '0.001246', '36000', '6', '01', '12345678', '259', '6557308710']","['401-568-6222', '401-568-0066,', 'pud-iorg', 'COVID-19,', 'Fre/tarant', '124-3740', '02901-1035', 'as//nut.smarhucooe']",61.jpg,Utility,ITR_Form 16,False
1326,"['18', '123', '12', '2020', '123456', '028', '63', '90824', '88934', '1', '1890', '2020', '18', '18', '296.65', '15', '20', '63', '30.0', '20', '58', '32.4', '21.66', '1860', '298.71', '19', '80', '266', '19', '59', '31.0', '19', '62', '31.0', '19', '64', '31.0', '4938', '48.06', '16.02', '2020']","['902-428-6230', '8am-8pm', '#123456-0', '123456-0', 'ca/MyAccount', '-', '.83/montl', '-32.04']",62.jpg,Utility,ITR_Form 16,False
633,"['1565', '10', '1', '4.08', '99.99', '97', '07', '22220102']",['16-107!'],63.jpg,Utility,ITR_Form 16,False
1700,"['25001', '50000', '50001', '8', '9.00', '25001', '15.00', '50001', '30.00', '2', '2', '75001', '36.00', '6', '36.00', '23', '6', '3', '2', '23', '28', '10001', '36.00', '2', '10001', '20001', '39.00', '2', '35', '26', '40001', '60001', '51.00', '60001', '57.00', '38', '35', '60.00', '22945127', '257', '23348849']","['Non-Domestic', '0-25,000', '15/-', '-', '50/-', '300/-', '48/-', '/', '/', '360/-', '/', 'E-mail']",64.jpg,Utility,ITR_Form 16,False
961,"['14', '2020', '00000000', '14', '2020', '13', '14', '2020', '29', '09']",['-'],65.jpg,Utility,ITR_Form 16,False
391,"['1649000', '1532000', '17000', '185']","['£-360900070', 'E-360006', '/', '17/07/2017', '0.5/', ""/'S,STH"", '1/0']",66.jpg,Utility,ITR_Form 16,False
519,"['9', '3', '2210', '4']",[],67.jpg,Utility,ITR_Form 16,False
843,"['12345', '111411111', '1', '2', '1', '297.00', '9.9', '1', '297.000000', '2', '83.000000', '23.37', '44.68', '10.26', '0.25', '380.0000', '50']","['www.pge.com/MyEnergy', '08/02/2019', '-', '08/31/2019', '07/02/2019', '-', '07/31/2019', '1234567890-1', '09/07/2019', '09/28/2019', 'B-']",68.jpg,Utility,ITR_Form 16,False
156,"['2', '9', '156163.8', '5', '138.44']",[],69.jpg,Utility,ITR_Form 16,False
1977,"['2018', '1234567890', '1', '2', '2018', '251.56', '51.56', '62.77', '32301', '4', '7', '4298', '1208', '3438', '1206', '2276', '17', '591', '18158', '1295', '1158', '2531', '107', '1169', '0', '66', '0', '89', '8', '169', '0', '0', '5269', '5269', '182', '0', '0', '176', '45', '39', '25', '7', '48', '32', '43', '39', '4', '418', '373', '45', '39', '40', '0', '42', '4', '1234567890', '1234', '32301', '435', '32301', '000001']","['891-4968', '-', '-', '4/2/2018', '-', '5/1/2018', 'ug-', 'Dec-t7', 'Mar-18', 'Oct-17', 'Jun-', 'Feb-18', 'Aug-17', 'Apr-17', 'van-18', '-', '-', '4/2/2018', '-', '5/1/2018', 'Apr-', 'Dec-17', 'Aug-17', 'New-i7', 'Mar-18', 'Oct-17', 'Jun-17', 'Feb-18', 'Sep-17', 'Apr-17', 'Jan-18', '-', '-', '4/2/2018', '-', '5/1/2018', 'Apr-18', 'Dec-17', 'Aug-17', 'Mar-18', 'Oct-17', 'Jun-17', 'Feb-18', 'Sep-17', 'Apr-17', '-', '-', '-', '-', '5/25/2018']",7.jpg,Utility,ITR_Form 16,False
2133,"['120000098501', '06.07.2019', '7000097687', '2008', '1112.49', '690.46', '108', '1134.68', '7112.43', '70', '21.000', '275', '1', '1', '4', '4', '01.07.2017.', '01.04.24', '120000098501', '27.07.2019']","['-', 'e-SILL', '-', 'Tavoree/', '3000/-', '/']",70.jpg,Utility,ITR_Form 16,False
207,['65'],[],71.jpg,Utility,ITR_Form 16,False
739,"['98', '201', '7', '8.2018']",[],72.jpg,Utility,ITR_Form 16,False
1395,"['96', '830500', '1234569', '123', '388', '930', '782', '782', '3053', '2', '1224560', '31038']","['852-3240', 'org/Separtmentsiis!', '09/24/20', '08/12/20', '-09/16/20', '10/13/20', '-Water', '-Sewer', '-', 'Yard-1', 'arg/', '09/24/20', '31036-0120']",74.jpg,Utility,ITR_Form 16,False
2133,"['120000098501', '06.07.2019', '7000097687', '2008', '1112.49', '690.46', '108', '1134.68', '7112.43', '70', '21.000', '275', '1', '1', '4', '4', '01.07.2017.', '01.04.24', '120000098501', '27.07.2019']","['-', 'e-SILL', '-', 'Tavoree/', '3000/-', '/']",75.jpg,Utility,ITR_Form 16,False
370,"['5', '7000', '77.00', '2']","['[_12709/2009', '[09/2006']",76.jpg,Utility,ITR_Form 16,False
578,"['260', '200', '029', '2', '5029', '774675029']","['77497-5020', '77487-5020']",77.jpg,Utility,ITR_Form 16,False
1616,"['9999', '3333', '333', '333', '2222', '222', '222', '9999', '15', '2019', '22', '10', '2019', '2015', '133', '466', '132083', '131909', '28', '2019', '2837294748', '99', '086', '014', '968.']","['-', 'energyaustralia.com.au/latefees', 'energyaustralia.com.au/app', '0001/81']",78.jpg,Utility,ITR_Form 16,False
1278,"['38', '82', '2019', '1', '3', '4', '4.', '123', '250100000000', '1', '1', '9183407', '0510512020', '5073', '1', '2', '3', '10', '30', '30', '1']","['24/7', '405-297-3334', '405-297-2833,', 'https:/www.oke.govicer', 'odd/even', '06/10/2020', '06/25/2020', '06/01/2020']",79.jpg,Utility,ITR_Form 16,False
64,['41'],['OCT-2616'],8.jpg,Utility,ITR_Form 16,False
1483,"['222', '37821', '30', '31973', '609', '3447', '3447', '222', '37821', '135', '29306', '4.069', '5.00', '178', '142', '107', '31972', '5.35', '5.85']","['7:30-4:30', '-', '7:30-4:00', '158-20200-3', '9/21/16', '158-20200-3', '9/28/16', '10/15/2016']",80.jpg,Utility,ITR_Form 16,False
1252,"['102078', '408', '4395', '31.55', '7.05', '38.60', '3', '8', '0.06']","['1-600-042-4272', '1-800-892-2945', '1-800-867-5222', 'Charges/Adjustments', '-', 'opt-out']",81.jpg,Utility,ITR_Form 16,False
2013,"['100', '29644', '59.12', '8.00', '000', '5000', '4000', '3000', '2000', '1000', '100', '1', '100', '01034400020000000133700000000137063']","['-', '-', '-', '862-0042', '-', '2/15/2021', '2/23/2021', '2/28/2021', '2/1/2021', '12/31/2020', '02/22/2021', '-', '02/28/2021', 'CUT-OFF', '-', '862-0042', '01-034400-02', '29644-1940', '864-862-0042', '2/28/2021', '29644-1940']",83.jpg,Utility,ITR_Form 16,False
543,"['515', '50213', '19.78', '31', '233618', '4667', '238265', '4667', '50213', '80', '81.62']","['aw-oSs', '-00', 'PAYMENT-']",84.jpg,Utility,ITR_Form 16,False
2835,"['4601950000', '2129057448', '128.00', '214425', '7000', '5', '7', '000', '00', '000', '5', '2', '19', '.00', '3', '0', '7', '5', '2970.20', '8', '12508', '1']","['-Z', '[-aecz017', '/', '/allowances”']",85.jpg,Utility,ITR_Form 16,False
2137,"['1234567891', '1', '2018', '18', '00123456', '26', '6659', '20', '6840', '19', '6909', '250', '7944.1', '2.809', '17.50', '2019', '25', '00123456', '19', '6909', '26', '6914', '5', '159.6', '2.990', '24.59', '2019', '24', '18', '2019', '2019', '2.83', '1.02264', '39.7', '159.6', '0800', '111', '999', '0800', '66', '88', '77', '169']","['-', 'p/kWh', 'May-', 'p/kWh', '£7.14/year)', '.2.990p/kWh', '59p/day', '(£89.75/year)', '£7.14/year', '£7.14/year', 'RSXE-RCZX-', 'Houghton-le-Spring,']",86.jpg,Utility,ITR_Form 16,False
644,"['2', '3', '1388', '300.18', '000012345']","['966-556-6001', '‘24-Hour', '866-556-6002', '886-556-6003,', '886-556-5007', 'O-==-', '0123486789-00001,', '03/08/2021', '69197-6950']",87.jpg,Utility,ITR_Form 16,False
460,"['3649', '6', '229', '6201000']","['/', 'N-3', '/', 'N-4a5608120', 'omet/', '03/12/2020', 'Dmet/', '18/12/2020', 'oex/', '1286-151', '/', '/', '/', '/', 'Consumption-Lirs']",88.jpg,Utility,ITR_Form 16,False
264,"['632863040', '5.0088', '1532863', '3082000', '3011000', '71000', '1838', '09', '150.09', '460.00', '9.00', '9.00', '9.09', '9.9', '24', '2448', '93', '93']","['/CMC', '14/04/2019', '29/04/2019']",89.jpg,Utility,ITR_Form 16,False
859,"['362939.00', '170', '007', '1004', '6', '1', '110001', '9', '1644', '201102014', '10000', '12', '110001', '8.083', '20', '61']","['30/06/2015', 'MRB/Page/', '2237/101/1', '‘Mobile/Te!', '-', 'exzn-7202', '&No_-PPMIPEN308', 'Zone/SeatNo', '-', 'Jun-2015', '-1OAT']",9.jpg,Utility,ITR_Form 16,False
389,"['18.2', '08', '5', '51']","['NO./OATE', 'DATE/TIME', '-', 'feaschdali/92']",90.jpg,Utility,ITR_Form 16,False
470,"['2757', '42', '9', '31712704', '3514', '9', '1601.87', '11180169', '328104', '8200.93', '3144.60', '5125', '11339.68', '1970966']","['7/18-1814~0510/', '_-PINCQDE!', 'S-DATE:23/0', 'B1/03/05']",91.jpg,Utility,ITR_Form 16,False
178,"['28342078', '14', '2', '92310', '46000', '45000', '1000', '56.00', '30.00', '0.00', '0.00', '202.00', '6.00']","['Nw351818/CMC', '41/10/2018', '26/10/2018']",92.jpg,Utility,ITR_Form 16,False
1237,"['17', '7', '3', '00', '055540352788', '0', '0040', '180', '45000', '169', '7', '5', '0000', '02.0000', '020000', '60', '5250', '4', '17', '09222', '41606', '00500287', '4', '22', '297', '17', '03', '12212', '1416306', '297']","['-', '*ywetcocon-e', 'csb-44a', 'anninns/aae', '-CR']",93.jpg,Utility,ITR_Form 16,False
525,"['5130', '60449', '16.84', '0.95', '37.18', '64.97', '170.10', '5130', '60449']","['8/1/2020', 'www.villageofmonee.org/CCR2019']",94.jpg,Utility,ITR_Form 16,False
2243,"['104', '30.00', '100', '31', '2300', '2300', '0', '447160', '446580', '580', '580.00', '270.00', '400.00', '211.00', '24', '7', '7', '5', '1190', '1190', '304', '32132', '32241']","['424-2400', '-', '427-3279', '424-2400', '09/14/19', '-', '00000-00000', 'CYCLE/ROUTE:', '01-11', '08/01/19', '-', '09/01/19', '12/04/18', '10/01/2019,', '/', '10713-05933', '11/15/18', 'E-Billing', '12/04/18', '32132-1190']",95.jpg,Utility,ITR_Form 16,False
39,[],['567-8748'],96.jpg,Utility,ITR_Form 16,False
2591,"['1847', '252.752.7166', '8', '172.94', '4', '504', '1', '1234567090', '317598', '100000', '77', '4', '18', '3.74']","['27835-1847', '31/02p2h.', 'easy-to-read', '-', '252-782-7268.', '3/1721', '186/28', '33/6/28', '-', '-', '-']",97.jpg,Utility,ITR_Form 16,False
1183,"['1.877.577.2112', '250.763.3783', '0001.23', '29', '0', '66', '3252015', '472014', '3262015', '3262015', '3262015', '8133.40', '3292015', '66.000', '205.92', '3252015', '1.877.577.2112.', '2015']","['Toll-Free:', '-', 'Toll-Free:', '-']",98.jpg,Utility,ITR_Form 16,False
129,"['48', '0']",[],99.jpg,Utility,ITR_Form 16,False
